income_100k,debt_100k,defaulted
2.160,1.772,0
1.886,0.375,0
1.853,0.277,0
1.492,1.185,0
2.184,0.288,0
1.323,0.965,0
1.173,1.069,1
1.486,0.739,0
2.133,1.088,0
1.647,0.305,0
1.922,0.334,0
0.571,0.582,0
2.428,0.645,0
4.068,0.617,0
2.588,0.831,0
1.230,0.434,0
0.969,0.204,0
1.608,0.804,0
0.910,0.571,1
1.967,1.002,0
1.120,1.985,1
2.186,0.674,0
2.619,0.884,0
0.569,0.398,0
1.619,1.054,0
1.036,0.776,0
0.752,0.738,0
1.075,1.058,0
1.286,0.350,0
2.260,0.875,0
0.716,0.826,0
2.277,1.523,1
3.519,0.243,0
1.857,0.615,0
1.814,2.108,0
1.411,0.518,0
0.836,0.510,0
1.805,1.690,0
1.687,2.497,0
1.972,0.687,0
4.509,0.439,0
1.969,0.468,0
1.719,0.521,0
2.866,0.409,0
0.775,0.417,0
0.849,0.709,0
1.199,0.659,0
1.057,0.835,1
1.939,0.654,0
1.230,0.336,0
3.105,0.961,0
2.813,0.736,0
2.007,0.471,0
1.193,0.557,0
1.873,0.767,0
2.044,0.672,0
0.878,0.601,0
1.660,0.975,0
1.950,1.145,0
1.564,0.544,0
2.878,0.637,0
2.451,0.354,0
0.979,0.588,0
1.501,0.833,0
0.974,1.028,1
1.842,0.705,0
0.961,0.615,1
2.150,0.438,0
1.690,0.724,0
2.197,0.358,0
1.329,0.690,0
0.737,0.651,0
3.141,0.395,0
1.313,0.769,0
2.637,0.574,0
1.722,0.891,0
1.922,0.496,0
3.233,0.836,0
1.654,1.496,0
2.665,0.709,0
0.728,0.986,0
2.100,0.456,0
1.273,0.532,0
1.336,0.233,0
1.425,0.593,0
1.659,0.350,0
2.991,0.685,0
0.616,0.212,0
1.447,0.405,0
1.028,0.673,0
2.398,0.794,0
1.173,0.264,0
1.743,0.515,0
1.187,2.561,1
1.917,0.984,0
2.240,0.701,0
1.187,0.146,0
1.451,0.392,0
0.749,0.851,0
1.628,0.730,0
2.086,0.822,0
1.105,1.078,0
2.349,0.678,0
0.558,1.017,0
0.617,0.245,0
0.760,2.474,1
1.141,0.548,0
1.431,0.454,0
1.370,1.443,0
1.377,0.890,0
1.965,1.085,0
1.147,0.461,0
0.804,0.748,0
0.811,0.942,0
3.672,0.348,0
0.492,0.571,0
1.311,0.563,0
2.735,0.549,0
1.764,0.440,0
0.977,0.326,0
1.420,0.809,0
2.093,0.732,0
2.444,1.195,0
0.947,0.619,0
1.998,0.447,0
1.590,0.294,0
2.333,0.672,0
2.653,0.543,0
1.216,1.896,1
0.739,2.204,1
1.696,1.499,0
3.157,0.394,0
1.932,0.303,0
1.574,0.565,0
4.181,0.396,0
0.889,1.378,1
2.130,0.683,0
1.098,0.515,0
1.451,0.636,0
1.477,1.261,1
2.806,0.386,0
0.931,0.833,1
1.115,0.314,1
0.693,0.573,0
1.767,0.449,0
1.155,0.759,0
1.716,0.697,0
0.875,1.222,0
1.207,0.927,0
2.265,0.463,0
1.312,0.314,0
1.880,0.413,0
1.800,0.509,0
1.211,0.566,0
0.703,0.426,0
2.211,1.146,0
1.532,1.058,0
2.209,0.553,0
0.574,0.490,0
0.674,0.563,0
0.541,0.625,0
0.956,0.632,0
2.268,0.268,0
1.831,0.508,0
1.397,0.233,0
1.505,0.652,0
1.998,0.921,0
1.239,0.361,0
1.696,0.699,0
1.511,0.460,0
0.530,0.440,0
1.193,1.841,0
2.615,1.033,0
1.188,0.830,0
1.331,0.506,0
1.080,0.798,0
1.141,0.577,0
2.353,0.817,0
1.258,0.394,0
0.896,0.615,0
0.350,0.517,0
1.097,0.299,0
0.586,1.589,1
0.625,0.992,0
2.030,0.418,0
1.952,0.290,0
0.599,0.432,0
2.082,0.407,0
1.745,0.461,0
0.997,0.283,0
1.975,0.409,0
0.683,0.661,1
0.825,0.798,0
0.742,0.220,0
0.861,0.638,0
2.107,0.375,0
0.779,0.364,0
0.845,0.538,0
0.925,0.441,0
1.550,0.931,0
1.218,0.932,0
2.092,0.542,0
1.030,0.451,0
0.794,1.679,1
1.131,1.750,0
1.442,0.787,0
0.932,0.588,0
1.605,1.101,0
3.206,1.398,0
1.089,0.481,0
1.442,1.695,0
2.597,0.586,0
1.055,1.153,0
0.965,0.483,0
0.863,0.662,0
1.688,0.499,0
1.778,0.648,0
1.319,1.108,0
1.436,0.393,0
2.499,0.543,0
2.080,0.858,0
0.749,0.496,0
1.400,1.923,1
1.474,0.289,0
1.943,2.526,0
1.270,0.447,0
1.050,1.083,0
1.142,1.534,0
0.630,0.853,0
1.386,0.297,0
1.072,0.533,0
1.728,0.663,0
0.883,0.868,0
1.151,1.089,0
0.901,1.176,0
0.866,1.422,1
1.916,0.381,0
1.134,1.095,0
1.707,0.247,0
0.844,0.692,0
1.459,0.357,0
0.653,0.242,0
1.125,1.052,0
1.113,0.628,0
1.813,1.094,0
1.512,0.270,0
1.288,0.329,0
2.031,0.605,0
1.518,0.444,0
1.774,0.664,1
1.966,0.454,0
1.351,0.530,0
1.220,0.342,0
1.612,1.284,0
1.154,0.536,0
1.656,0.335,0
2.289,0.925,0
2.042,0.831,0
1.172,0.718,0
0.781,0.721,0
1.356,0.515,0
1.314,0.594,0
2.285,0.191,0
1.170,0.273,0
1.265,0.326,0
1.934,0.746,0
1.121,1.243,0
1.294,0.583,0
3.001,0.552,0
2.713,1.181,0
1.844,0.523,0
1.568,0.913,0
0.899,0.808,0
1.785,0.309,0
1.426,0.758,0
1.534,0.714,0
1.101,0.341,0
1.382,0.363,0
1.279,0.318,0
1.601,1.350,0
2.638,2.023,1
1.634,0.939,0
0.660,1.504,1
0.898,0.305,0
0.682,1.377,1
0.973,1.876,1
1.785,1.544,0
1.663,0.382,0
1.061,1.155,0
1.566,0.600,0
0.989,1.150,1
0.734,0.449,0
0.739,0.643,0
0.944,0.467,0
2.628,0.828,0
0.760,0.604,1
2.427,1.174,1
2.520,1.002,0
1.279,0.802,0
1.358,0.626,1
1.054,0.541,0
1.373,0.640,0
1.865,0.963,0
1.393,0.686,0
2.171,0.749,0
2.364,0.626,0
1.618,0.613,0
1.607,0.444,0
1.349,0.228,0
1.620,0.874,0
0.841,0.868,1
1.664,0.375,0
1.520,1.820,0
0.941,0.337,0
3.644,1.103,0
0.896,0.734,0
0.938,0.759,0
1.571,1.192,1
0.581,1.059,1
0.971,0.647,0
0.699,0.358,0
0.898,0.327,0
1.306,0.709,0
1.599,1.519,0
2.275,1.035,0
1.990,0.628,0
2.359,0.766,0
1.804,0.930,0
1.123,1.640,1
2.286,0.421,0
1.112,0.951,0
1.051,0.744,0
2.753,0.421,0
1.973,0.366,0
1.528,1.282,0
1.942,0.766,0
2.055,0.570,0
0.751,0.675,0
1.327,1.095,0
0.815,0.673,0
1.463,1.542,0
1.024,0.554,0
2.549,0.416,0
1.748,0.601,0
0.961,0.382,0
1.373,0.528,0
0.803,1.252,1
1.410,1.631,0
1.770,0.904,0
1.558,0.713,1
0.581,0.388,0
1.190,0.369,1
1.739,0.783,0
1.588,0.701,0
2.330,0.465,0
0.776,0.501,0
1.751,1.504,0
1.032,1.101,0
1.510,0.658,0
1.660,0.725,0
1.884,1.289,0
1.067,0.779,0
1.503,0.729,0
0.818,0.270,0
0.733,0.253,0
1.775,0.224,0
1.350,0.186,0
0.668,0.635,0
0.943,0.767,0
1.395,0.396,0
2.783,0.815,0
2.212,0.815,0
1.980,0.613,0
0.619,0.285,0
1.323,1.413,0
1.713,1.361,0
1.650,0.466,0
1.667,1.857,0
1.245,0.656,0
3.048,0.415,0
2.686,0.511,0
1.325,0.231,0
0.890,0.528,0
3.482,0.265,0
1.078,1.191,0
2.368,0.762,0
3.263,0.298,0
0.904,0.877,0
1.575,0.249,0
1.182,0.697,0
1.742,0.831,0
1.597,0.664,1
3.317,0.345,0
1.803,0.602,0
1.377,0.578,0
2.294,0.661,0
1.223,1.447,0
1.173,1.621,1
3.784,1.523,0
0.955,0.451,0
1.109,0.424,0
1.410,0.647,0
0.859,0.812,0
0.535,0.206,0
2.222,0.456,0
0.971,1.711,1
1.083,0.323,0
1.169,0.426,0
0.889,0.433,0
0.852,0.835,0
1.486,0.616,0
4.065,0.534,0
1.925,0.277,0
1.934,0.893,0
0.702,0.639,0
1.367,0.443,0
0.811,0.647,0
1.956,0.985,0
1.247,0.283,0
1.406,0.272,0
1.328,0.364,0
1.063,0.395,0
0.697,0.119,0
1.794,0.458,1
0.742,1.177,0
0.812,0.532,0
1.209,1.116,0
1.006,0.131,1
1.555,0.599,0
2.177,1.369,0
1.546,1.515,0
1.510,0.485,0
1.396,0.405,0
2.033,0.788,0
0.602,0.326,0
1.630,0.522,0
0.908,0.254,0
0.793,0.667,0
1.385,0.640,0
1.161,1.563,1
1.797,0.777,0
2.268,0.443,0
0.485,0.606,0
1.338,0.314,0
3.336,0.650,0
2.042,0.567,0
2.649,0.804,0
1.447,1.066,0
0.724,0.212,0
0.833,0.764,0
1.904,0.957,0
2.128,0.329,0
0.994,1.817,1
1.225,0.429,0
1.555,2.478,1
0.629,0.982,0
1.181,1.087,1
2.862,0.740,0
3.695,1.112,0
1.316,0.360,0
3.151,0.409,0
1.091,0.216,0
0.960,0.860,0
0.505,0.431,0
2.126,0.965,0
1.168,0.886,1
3.961,0.305,0
1.605,0.939,0
1.505,0.736,0
0.613,0.712,0
2.715,0.822,0
1.174,0.628,1
1.286,0.642,0
0.512,1.141,0
2.098,0.368,0
2.157,0.329,0
1.053,0.419,0
1.442,1.128,0
1.650,0.534,0
2.133,1.832,0
1.450,0.117,0
3.003,0.430,0
1.240,0.499,0
1.053,0.740,0
1.121,1.333,0
0.442,0.575,0
0.962,0.364,0
2.177,1.012,0
1.559,1.498,0
0.957,0.156,0
1.620,0.878,0
0.558,0.751,0
1.218,0.403,0
1.753,0.490,0
1.895,0.748,0
0.977,0.648,0
2.088,0.556,0
3.212,0.335,0
1.143,0.746,0
1.933,0.442,0
0.687,0.669,0
0.573,0.461,0
1.825,0.711,0
1.412,0.962,1
1.516,0.726,1
1.066,0.916,0
1.214,0.297,0
1.996,0.823,0
3.003,0.748,0
1.257,0.451,0
0.659,0.582,0
2.460,0.136,0
1.818,0.665,0
1.884,0.508,0
1.505,0.183,0
3.945,0.842,0
1.435,0.448,1
1.748,0.742,0
0.602,0.558,0
1.068,0.831,1
1.018,0.668,0
1.368,0.543,0
1.622,0.835,0
0.990,1.007,0
3.023,0.183,0
0.858,0.646,0
1.132,0.458,0
1.544,0.346,0
0.790,1.305,0
1.793,1.079,0
1.844,0.360,0
1.216,0.344,0
3.276,0.998,0
1.439,0.450,0
1.574,0.531,0
0.900,0.215,1
0.652,0.590,0
1.044,1.188,0
1.200,0.493,0
1.130,0.596,0
1.960,1.661,0
0.474,1.030,0
0.832,1.392,0
0.609,0.899,0
2.537,1.230,0
1.075,0.254,0
1.100,0.404,0
0.844,0.256,0
2.079,2.158,1
1.152,0.702,0
1.533,0.593,0
0.555,0.419,1
2.350,0.363,0
1.657,0.136,0
1.779,2.183,1
2.421,0.607,0
1.272,0.657,0
1.287,0.293,0
1.917,0.614,0
1.682,0.782,0
1.243,0.607,0
1.416,0.892,0
1.106,0.400,0
1.915,0.759,0
2.114,1.038,0
1.391,0.865,0
3.237,0.783,0
0.694,0.600,0
1.250,0.369,0
3.002,0.861,0
1.148,0.512,0
0.675,0.377,0
2.605,0.967,0
1.776,0.262,0
0.810,0.467,0
1.969,0.973,0
0.876,1.069,0
0.759,0.517,0
1.297,0.657,0
1.118,0.856,0
0.847,0.611,1
1.178,0.415,0
0.883,0.806,0
1.427,0.695,0
1.375,0.673,0
1.944,1.172,0
1.131,0.751,0
0.762,0.493,0
0.766,0.694,0
1.243,1.847,0
2.778,0.428,0
2.037,0.549,0
1.040,0.409,0
2.125,0.771,0
0.823,0.317,1
2.194,0.812,0
1.169,0.964,0
1.965,0.415,0
1.840,0.398,0
1.226,0.280,0
1.611,0.650,0
0.858,0.343,0
1.344,0.450,0
2.265,0.504,0
6.000,0.435,0
1.908,1.005,0
1.446,1.527,0
0.880,0.197,0
2.241,0.406,0
0.658,0.729,0
0.967,0.356,0
1.633,0.473,0
0.807,0.713,0
2.785,1.365,0
2.276,1.212,0
1.075,0.541,0
1.082,0.682,0
0.766,0.520,0
0.739,0.577,1
1.697,0.333,0
1.842,0.240,0
1.629,0.519,0
1.567,1.088,0
1.079,0.967,0
1.635,0.228,0
0.715,0.572,0
1.395,0.450,0
2.704,0.744,0
2.526,0.347,0
1.128,1.050,0
1.195,0.568,0
2.589,0.873,0
3.116,1.029,0
0.707,0.218,0
1.147,0.564,0
1.545,1.461,0
2.410,0.643,0
0.952,1.128,0
1.858,0.802,0
1.214,0.483,0
4.065,0.742,0
1.688,1.134,1
1.308,1.292,0
1.195,1.410,0
2.240,0.346,0
1.890,1.003,0
0.852,0.298,0
1.534,0.592,0
0.759,0.567,0
0.988,0.898,0
0.775,0.756,0
0.764,1.264,1
1.020,0.454,0
0.893,1.011,0
1.765,0.788,0
1.993,0.637,0
1.248,0.329,0
0.839,0.870,0
2.000,0.757,0
0.557,0.981,0
0.581,0.623,0
1.932,0.553,0
1.871,0.788,0
2.160,0.820,0
1.262,0.928,0
0.787,1.801,0
1.105,0.453,0
1.797,1.914,0
0.984,0.125,0
1.013,1.078,0
0.741,0.406,0
0.822,1.914,0
2.036,0.391,0
1.708,1.140,0
0.823,0.370,0
0.854,0.342,0
1.079,0.989,0
1.782,1.026,0
0.820,0.434,0
1.289,2.382,1
0.528,0.534,0
0.788,1.501,1
1.682,0.365,0
2.087,0.375,0
0.825,0.669,0
0.981,0.365,0
1.995,0.817,0
1.166,0.196,0
1.089,0.702,0
1.759,0.468,0
1.520,0.376,0
2.299,0.715,0
1.992,0.564,0
1.072,0.498,0
1.318,0.993,0
1.354,0.749,0
0.754,0.784,0
0.896,1.320,1
2.159,0.612,0
0.679,1.008,0
2.181,0.506,0
1.583,0.888,0
1.307,0.850,0
1.775,0.472,0
1.726,0.277,0
2.403,0.316,0
1.162,0.380,0
1.256,0.863,0
1.246,0.592,0
3.258,0.541,0
2.134,0.827,0
0.917,0.950,0
1.198,1.367,1
1.013,0.460,0
1.401,0.861,0
1.534,0.938,0
3.923,0.378,0
0.611,0.682,0
2.217,0.386,0
1.697,0.563,0
1.015,0.802,0
1.303,0.251,0
1.114,0.395,0
1.426,0.409,0
2.196,0.670,0
0.702,0.425,0
2.522,0.781,0
1.178,0.398,0
2.748,0.480,0
1.680,0.887,0
2.434,0.758,0
1.801,0.692,0
2.277,0.624,0
1.432,1.102,0
0.959,1.351,0
1.891,0.520,0
1.924,0.428,0
3.600,0.360,0
0.565,1.644,0
1.278,0.390,0
2.255,0.309,0
0.794,0.737,0
1.261,1.132,0
3.632,0.324,0
2.648,0.595,0
0.940,0.291,0
2.660,0.435,0
2.385,1.551,0
1.985,0.698,0
1.661,0.552,1
1.557,0.662,0
0.945,0.743,0
1.108,0.602,0
1.947,0.333,0
1.491,0.334,0
3.222,1.911,0
1.204,0.419,0
0.474,1.226,0
1.204,0.430,0
1.587,1.297,0
1.664,0.932,0
1.444,0.568,0
0.967,1.911,1
2.748,0.382,0
1.039,0.560,0
1.930,0.399,0
1.231,0.417,0
0.817,0.522,0
2.650,0.378,0
0.452,0.533,0
0.955,1.511,0
1.704,0.246,0
1.194,0.321,0
1.967,0.379,0
1.341,0.494,0
1.144,1.107,1
3.715,0.945,0
1.271,0.827,0
1.307,0.712,0
0.862,2.359,1
1.003,0.344,0
1.882,0.340,0
1.811,0.628,0
1.406,0.713,0
1.025,0.560,0
1.914,0.402,0
0.653,0.312,0
1.206,0.548,0
1.255,0.433,0
0.961,0.490,0
1.507,0.353,0
1.042,1.325,0
0.980,0.815,1
3.169,1.753,0
1.966,0.481,0
2.417,0.658,0
1.442,0.556,0
2.176,0.644,0
2.004,0.554,0
2.435,0.582,0
4.097,0.217,0
1.274,0.549,0
1.586,0.930,0
1.380,0.220,0
0.300,0.527,0
0.753,0.871,0
1.425,1.273,0
1.880,0.608,0
1.091,0.818,0
2.357,1.661,0
2.521,1.294,0
1.175,0.498,0
2.686,0.458,0
3.113,1.112,0
1.745,0.720,0
0.910,0.474,0
2.742,0.562,0
1.316,0.757,1
1.195,0.571,1
1.493,0.555,0
1.113,0.560,1
2.297,0.282,0
2.012,1.645,0
2.455,1.241,0
1.843,1.457,0
0.992,0.592,0
1.321,0.683,0
2.104,0.873,0
1.182,0.998,1
5.280,0.235,0
1.272,0.773,0
1.090,0.369,0
2.380,0.613,0
1.987,0.444,0
1.401,1.616,1
1.279,0.855,0
1.719,0.628,0
2.067,1.364,0
2.000,0.613,0
1.239,0.429,0
1.724,0.576,0
2.075,0.522,0
2.002,0.654,0
0.354,1.008,0
0.951,0.598,0
1.001,0.615,0
1.279,1.108,0
1.538,0.746,0
2.148,1.070,0
1.874,0.686,0
1.340,0.313,0
1.434,0.346,0
3.132,0.258,0
1.077,1.186,0
1.627,0.799,0
2.870,0.492,0
1.658,0.371,0
0.566,0.776,0
1.680,0.593,0
1.192,0.759,0
1.349,0.402,0
2.277,0.348,0
1.753,1.501,0
1.260,0.379,0
2.120,0.630,0
1.726,1.322,0
1.488,0.235,0
1.625,0.934,0
1.590,0.662,0
1.218,0.589,0
1.154,0.739,0
1.435,0.334,0
0.924,0.190,0
0.805,1.785,1
2.548,0.545,0
1.274,1.036,0
1.404,1.166,0
1.335,0.746,0
1.434,0.817,0
1.434,0.940,1
1.461,1.506,1
0.988,0.834,0
2.158,1.268,0
1.039,0.544,0
2.261,0.506,0
0.598,0.668,0
0.880,0.793,0
2.218,0.854,0
1.328,1.842,1
1.049,1.008,1
1.680,0.661,0
0.886,1.883,1
1.469,0.763,0
0.524,0.776,1
1.158,0.834,0
1.059,0.533,0
1.809,0.352,0
2.105,0.686,0
0.966,0.539,0
2.927,0.399,0
1.087,0.681,0
0.563,0.573,0
0.486,0.463,0
2.836,0.243,0
1.364,0.582,0
1.060,1.662,0
1.014,1.035,1
0.868,1.150,0
2.608,0.631,0
1.366,1.134,0
3.176,0.443,0
1.298,0.498,0
0.493,0.847,0
2.075,0.294,0
1.202,0.659,0
1.275,0.752,0
2.873,1.599,0
1.260,0.437,0
2.394,0.803,1
1.416,0.448,0
1.012,0.475,0
1.783,0.147,0
1.083,0.383,0
2.466,1.194,0
2.186,0.847,0
1.460,0.696,0
1.867,2.442,1
1.830,0.857,0
1.254,0.326,0
2.123,0.572,0
1.281,0.619,0
1.873,1.531,0
0.925,0.392,0
1.486,0.804,0
1.711,1.087,0
0.995,0.411,0
1.178,0.670,0
1.117,0.214,0
1.971,0.675,0
1.028,0.193,0
1.731,0.518,0
2.823,1.629,0
1.669,0.799,0
0.689,0.657,0
1.505,0.694,0
2.273,2.066,0
1.251,0.864,0
2.345,1.126,0
1.880,0.504,0
1.721,0.505,0
1.266,0.362,0
1.131,0.581,0
1.269,0.437,0
1.465,1.093,0
1.803,0.907,0
1.722,0.600,0
1.245,0.476,0
1.468,0.133,0
1.697,0.464,0
0.686,0.755,0
1.009,0.916,0
0.996,0.120,0
1.302,0.173,0
1.260,0.697,0
1.271,0.365,0
0.964,0.568,0
1.932,0.494,0
1.618,0.880,0
0.682,0.233,1
1.437,0.469,0
0.860,1.067,0
3.073,0.716,0
1.164,0.407,0
1.197,0.818,0
1.484,0.747,0
1.306,0.394,0
1.392,0.931,0
2.868,0.923,0
1.583,0.595,0
2.082,1.067,1
2.374,0.338,0
0.922,0.969,1
3.058,0.576,0
1.949,0.384,0
2.200,0.463,0
0.970,1.206,0
2.066,0.473,0
1.723,0.530,0
1.123,0.448,0
3.996,0.416,0
1.846,1.079,0
1.285,2.131,1
1.561,1.324,0
2.155,0.843,0
2.380,0.965,0
1.859,0.530,0
2.475,0.488,0
2.774,0.338,0
0.821,1.399,1
1.150,0.532,0
0.938,0.433,0
1.496,0.452,0
2.741,0.710,0
1.921,0.475,0
0.894,0.646,0
1.255,0.701,0
2.275,1.324,0
1.127,0.326,0
1.371,0.752,0
1.642,0.439,0
0.631,0.507,0
2.034,1.543,0
1.670,0.899,0
1.849,0.519,0
0.922,0.836,0
1.013,0.633,0
1.095,1.171,1
1.603,0.491,0
1.478,0.835,0
1.517,0.572,0
3.207,0.644,0
2.577,0.589,0
1.036,0.457,0
1.067,0.679,0
3.099,1.091,0
1.242,0.461,0
2.663,0.519,0
2.940,0.783,0
1.122,0.425,0
1.268,1.028,0
1.486,0.940,0
0.971,0.184,0
0.922,0.449,0
1.195,0.356,0
2.102,1.004,0
1.171,1.067,0
1.305,0.334,0
1.161,0.442,0
0.775,0.613,0
2.793,0.524,0
0.499,0.947,0
1.067,1.091,0
1.841,0.884,0
0.764,1.159,0
1.880,1.066,0
2.516,0.617,0
0.972,0.507,0
1.573,0.430,0
0.869,1.000,0
1.799,1.040,0
1.490,1.113,0
1.577,0.537,0
2.647,0.519,0
1.770,0.741,0
2.623,1.266,0
1.904,0.779,0
0.834,0.725,0
1.610,0.410,0
1.784,0.816,0
0.747,0.859,0
2.609,0.384,0
1.476,1.664,0
1.689,0.390,0
0.956,1.062,0
1.479,0.575,0
1.638,0.701,0
1.236,0.419,0
1.484,0.473,0
0.551,0.939,0
2.642,0.578,0
0.867,0.534,0
0.536,1.039,1
0.929,0.945,0
0.983,0.703,0
1.828,0.728,0
0.949,1.633,0
1.626,0.587,0
0.929,0.793,0
3.863,0.809,0
1.829,0.301,0
3.451,0.225,0
0.906,0.688,0
1.929,1.028,0
0.930,0.717,0
1.856,0.481,0
1.941,0.451,0
0.698,0.998,0
0.858,0.547,0
0.846,0.269,0
0.727,0.929,0
1.029,0.731,0
0.928,0.790,0
0.746,1.129,0
1.493,1.317,0
1.826,0.870,0
0.791,0.585,0
1.112,0.204,0
1.433,0.754,0
1.287,0.593,0
1.042,1.313,0
2.056,1.283,0
2.090,0.831,0
1.938,1.349,0
1.299,0.617,0
3.488,0.627,0
3.123,0.406,0
1.191,0.543,0
1.351,0.720,0
2.435,1.139,0
0.995,0.432,0
1.706,0.991,0
1.456,2.281,1
1.039,0.310,0
1.285,0.559,0
0.703,0.650,0
1.117,1.107,1
0.581,1.884,1
3.977,1.253,0
2.806,0.630,0
2.477,0.405,0
1.632,0.623,0
2.233,0.629,0
2.525,0.733,0
2.250,0.396,0
2.153,1.467,0
0.945,0.434,0
1.727,0.929,0
1.119,0.721,0
0.837,0.355,1
0.851,0.665,0
1.725,0.649,0
2.285,0.580,0
0.769,0.994,0
3.120,0.496,0
2.755,2.550,1
1.198,1.184,0
1.154,0.391,0
1.376,0.166,0
2.211,1.267,0
1.196,0.735,0
0.864,0.671,0
1.658,0.378,0
0.561,0.294,0
1.513,0.233,0
2.393,2.582,0
1.629,1.531,0
2.017,0.475,0
1.773,1.776,1
1.970,0.234,0
1.515,0.937,0
0.977,0.940,1
1.283,0.402,0
1.373,0.500,0
2.500,0.363,0
2.950,0.655,0
1.715,1.309,0
1.011,1.100,0
1.022,0.803,0
1.304,1.176,0
2.651,0.242,0
1.650,1.923,0
1.384,0.622,0
1.006,0.312,0
2.111,0.519,0
1.616,0.449,0
1.387,0.673,0
1.487,0.758,0
3.031,0.179,0
1.320,1.271,0
3.034,1.641,0
2.482,0.363,0
1.453,1.430,0
2.112,1.270,0
1.342,1.111,0
0.977,1.558,1
1.258,0.299,0
0.943,0.950,1
1.786,0.368,0
1.429,2.331,1
1.832,0.376,0
2.059,0.327,0
0.349,1.180,1
1.633,0.898,0
0.631,0.649,0
1.530,0.689,0
0.956,0.894,0
1.487,1.644,0
2.623,0.433,0
0.658,0.470,0
1.546,0.466,0
1.370,0.614,0
0.606,0.643,1
1.900,0.316,0
1.441,0.754,0
1.129,0.319,0
1.026,0.539,0
6.000,0.557,0
1.189,0.559,0
0.631,1.439,1
0.933,1.567,0
1.203,1.153,1
1.194,1.522,0
1.370,0.546,0
0.886,1.382,0
1.811,0.620,0
1.141,0.723,0
0.769,0.741,0
0.983,0.307,0
1.194,0.457,0
2.079,0.585,0
1.765,0.780,0
1.219,0.595,0
1.432,0.400,0
1.563,0.338,0
3.552,0.641,0
1.075,0.333,0
1.751,0.334,0
1.968,0.603,0
0.924,0.703,0
1.545,0.404,0
1.527,0.240,0
1.149,0.747,0
1.832,1.000,0
2.254,0.510,0
2.360,0.519,0
1.302,0.178,0
1.546,1.047,0
4.087,0.349,0
0.864,0.947,0
1.568,0.461,0
2.118,0.590,0
1.518,0.575,0
1.906,0.237,0
1.534,2.894,1
1.992,0.270,0
2.527,0.677,0
1.284,0.408,0
1.551,0.560,0
1.384,1.360,1
1.183,0.229,0
1.407,0.590,0
0.853,0.836,0
1.984,0.681,0
3.053,0.793,0
3.056,0.422,0
2.520,0.259,0
0.920,0.310,1
2.812,0.509,0
1.028,0.959,0
1.386,0.667,0
3.257,1.541,0
0.876,0.674,0
2.072,0.709,0
1.611,0.712,0
1.325,0.246,0
0.957,0.875,1
1.716,0.346,1
1.152,0.517,0
2.271,2.314,0
2.462,0.323,0
0.763,0.681,0
1.130,0.749,1
1.229,0.685,0
0.834,0.639,0
0.858,0.469,0
1.477,1.907,1
1.292,0.212,0
0.675,0.363,0
1.114,1.442,0
1.792,0.862,0
0.825,0.419,0
0.936,0.389,0
2.899,0.556,0
2.567,2.723,1
0.684,0.836,0
0.773,0.362,0
1.682,0.727,0
0.830,0.452,0
1.266,1.454,0
1.158,0.750,0
1.826,1.275,0
0.455,0.697,0
0.527,1.957,1
0.817,0.800,0
2.239,0.744,0
1.324,0.364,0
0.658,0.506,0
1.772,0.790,0
1.951,0.485,0
1.270,2.505,1
1.223,0.634,0
1.728,0.419,0
2.446,1.098,0
1.520,0.477,0
1.804,0.798,0
1.389,0.606,0
1.195,0.429,0
0.940,1.368,1
1.593,0.671,0
1.240,1.160,0
1.272,0.529,0
2.156,0.291,0
1.768,0.322,0
2.099,0.479,0
0.698,0.576,0
1.824,0.657,0
1.088,0.846,0
0.986,0.322,0
0.967,0.723,0
2.448,0.326,0
2.060,0.438,0
1.028,2.614,1
0.851,1.285,0
1.428,0.522,0
1.154,1.709,1
2.995,1.392,0
0.735,1.040,0
0.623,1.429,0
1.265,0.556,0
1.426,0.595,0
1.506,0.397,1
1.992,0.879,0
3.607,0.320,0
1.216,0.483,0
1.111,0.821,0
0.643,0.483,0
1.583,0.772,0
2.083,1.740,0
1.262,0.371,0
2.414,1.380,0
1.439,0.438,0
2.806,0.381,0
1.649,0.722,0
0.882,1.123,1
1.065,0.431,0
0.712,0.427,0
0.649,0.501,0
1.600,0.429,0
2.099,0.707,0
3.419,0.431,0
1.384,0.554,0
1.276,0.775,0
0.862,0.507,0
2.213,1.203,0
1.691,0.439,0
1.086,0.417,0
1.934,1.956,0
1.827,1.460,0
0.612,0.663,1
1.982,1.007,0
1.509,0.769,0
1.190,0.482,0
1.176,0.925,0
3.117,0.754,0
2.833,1.290,0
3.227,0.231,0
0.846,0.994,0
1.057,0.699,0
2.133,0.437,0
0.824,0.504,0
1.026,0.510,0
0.630,0.308,0
3.267,0.465,0
2.289,0.981,0
1.744,0.277,0
1.566,0.519,0
1.176,0.174,0
1.186,0.465,0
1.872,0.791,0
1.030,0.620,0
2.465,0.653,0
1.137,0.345,0
0.958,0.872,0
2.545,0.388,0
1.330,1.051,0
1.822,0.716,0
1.177,0.516,0
0.516,1.444,1
1.815,0.513,0
0.774,1.120,0
2.309,0.676,0
0.706,0.638,0
0.613,1.106,1
1.630,0.811,0
1.718,0.635,0
1.489,0.598,0
0.822,0.717,0
2.117,0.669,0
0.734,0.533,0
1.152,0.361,0
0.995,0.153,0
1.197,0.600,0
2.083,0.558,0
1.067,1.243,0
1.829,0.817,0
1.939,1.195,0
0.657,1.658,0
0.839,0.601,0
1.194,0.402,0
1.087,1.000,0
1.630,0.460,0
0.595,0.555,0
1.963,1.408,0
1.984,0.865,0
1.316,1.167,0
0.762,0.304,0
1.423,0.651,0
1.114,1.181,0
1.831,0.315,0
1.366,0.712,0
1.969,0.797,0
1.168,0.180,0
2.716,1.536,0
0.503,0.431,0
0.898,0.592,0
1.770,1.608,0
0.719,0.239,0
1.976,0.824,0
0.821,0.499,0
1.480,0.654,0
0.940,0.407,0
1.164,1.352,0
1.535,0.345,0
1.354,0.779,0
1.195,0.860,0
3.739,0.607,0
1.424,0.549,0
0.917,0.552,0
2.154,1.121,0
2.053,0.819,0
2.460,0.611,0
3.172,0.351,0
0.930,0.697,0
2.286,0.857,0
2.370,0.628,0
1.419,1.408,0
1.585,0.223,0
0.367,2.518,1
1.096,0.578,0
3.173,0.341,0
0.635,0.245,0
1.115,1.030,0
1.615,0.876,1
1.839,0.567,0
2.957,0.622,0
0.642,0.701,0
1.447,0.506,0
2.089,1.205,0
0.786,0.902,0
1.394,0.598,0
3.314,0.259,0
2.566,1.359,0
1.809,0.492,0
0.438,0.362,0
1.338,1.300,0
1.689,0.841,0
1.235,0.211,0
1.378,0.256,0
5.683,0.514,0
1.289,0.320,0
0.917,0.587,0
1.583,2.697,1
1.231,3.297,0
1.234,0.625,0
1.365,0.994,0
2.010,1.045,0
1.579,0.599,0
0.826,0.284,0
1.337,1.157,0
1.757,0.581,0
1.150,0.822,0
2.380,0.945,0
2.013,0.410,1
0.909,1.621,1
1.639,0.668,0
3.465,0.725,0
2.864,0.505,0
1.384,0.947,0
2.125,1.119,0
1.048,0.471,0
0.740,0.884,0
1.821,0.504,0
1.586,0.325,0
1.788,0.534,0
1.403,0.896,0
1.643,0.869,0
1.127,1.162,0
1.756,0.442,0
2.064,0.543,0
1.382,0.667,0
2.047,0.903,0
0.640,0.601,0
0.996,0.380,0
2.718,0.273,0
3.135,1.228,0
1.588,1.156,0
1.355,0.445,0
0.802,1.450,0
1.671,0.620,0
2.014,0.825,0
0.728,1.287,0
1.825,0.493,0
1.770,0.419,0
1.730,0.246,0
0.854,0.760,0
1.811,0.823,0
0.723,1.034,0
2.773,0.897,0
1.508,0.681,0
0.841,1.211,1
2.600,0.365,0
2.385,0.797,0
1.059,0.853,1
3.826,0.601,0
0.903,1.667,1
1.634,0.819,0
2.416,1.353,0
0.511,1.055,0
2.227,0.583,0
1.378,1.870,1
1.409,1.187,1
0.874,0.650,0
1.647,0.602,0
0.861,0.363,0
0.918,0.592,0
1.160,0.565,0
0.817,0.722,0
2.880,0.509,0
0.780,0.882,0
1.010,0.615,0
1.231,0.269,0
1.421,0.486,0
2.027,0.392,0
2.051,0.318,0
1.238,0.559,0
1.194,1.066,1
1.442,0.347,0
2.054,0.213,0
1.942,0.589,1
1.125,3.353,1
0.562,0.465,0
3.722,0.748,0
2.177,0.513,0
1.598,1.035,1
1.654,1.428,1
1.122,0.590,0
0.904,1.238,0
1.222,0.354,0
1.284,0.723,0
1.071,0.320,0
0.737,0.715,1
1.233,0.459,0
1.839,0.736,0
1.136,0.347,0
1.433,0.732,0
0.559,0.686,0
1.292,0.471,0
1.343,0.414,0
0.817,0.335,0
0.652,0.518,0
1.708,0.805,0
0.986,0.599,0
1.768,0.704,0
1.175,1.300,1
1.878,0.540,0
1.218,0.759,0
0.720,1.020,0
1.365,0.858,0
1.224,0.799,0
1.908,0.675,0
1.159,1.873,1
1.189,0.620,0
2.090,0.522,0
2.398,0.896,0
1.997,1.594,0
2.264,1.412,0
1.741,0.658,0
2.007,1.024,0
2.107,0.852,0
1.702,0.674,0
1.460,0.927,0
1.513,0.910,0
4.188,0.699,0
1.428,1.675,1
1.276,0.525,0
1.205,1.396,0
1.398,2.061,1
1.584,2.078,1
0.853,0.752,0
0.582,0.585,1
1.621,0.268,0
0.689,0.627,0
1.594,2.489,1
1.512,0.272,0
2.384,0.276,0
3.009,1.027,0
1.674,0.910,0
1.106,0.236,0
0.836,0.627,0
0.994,0.781,0
1.445,0.280,0
0.559,1.099,1
1.468,0.311,0
1.411,1.208,0
1.896,0.723,0
1.221,0.440,0
1.486,0.266,0
1.019,0.536,0
1.152,0.614,0
0.639,0.602,0
1.500,0.466,0
2.849,0.576,0
1.527,1.046,1
1.673,0.391,0
0.912,0.576,0
2.702,0.833,0
1.005,0.638,1
2.036,1.041,0
1.489,1.523,0
0.922,0.531,0
2.253,0.728,0
1.429,0.128,0
1.538,0.533,0
1.739,0.935,0
1.405,0.348,0
1.197,1.345,0
1.750,0.228,0
1.183,1.360,1
1.461,0.485,0
1.051,0.367,0
0.726,0.493,1
1.048,0.557,0
1.136,0.368,0
1.429,0.301,0
2.418,0.483,0
0.663,1.087,0
1.504,0.806,0
0.524,1.352,1
0.886,0.460,1
1.130,0.529,0
0.515,0.536,0
0.615,0.697,0
1.521,0.831,0
1.470,1.698,0
1.348,0.949,0
0.988,0.705,0
3.741,1.360,0
1.320,0.418,0
0.963,0.312,0
3.020,0.930,0
1.871,0.705,0
1.201,0.687,0
2.427,1.076,0
1.523,0.535,0
1.895,0.604,1
1.577,0.793,0
0.893,0.920,0
2.197,1.107,0
1.525,0.686,0
0.901,0.744,0
1.007,0.169,0
2.181,1.262,0
1.202,0.270,0
1.449,0.627,0
1.905,2.601,1
1.503,0.536,0
0.714,0.268,0
1.890,1.563,0
2.165,0.473,0
2.096,0.587,0
2.938,0.586,0
1.672,0.963,0
2.013,0.985,0
2.901,0.599,0
1.245,1.184,0
3.100,0.390,0
3.097,0.931,0
2.019,0.455,0
3.247,0.943,0
2.082,0.444,0
0.955,0.503,0
2.367,1.446,0
1.644,0.345,0
1.709,0.335,0
1.521,0.879,0
2.616,0.552,0
1.820,0.505,0
1.038,0.592,0
1.766,2.062,0
1.970,0.362,0
1.024,0.552,0
1.167,0.702,1
1.194,0.381,0
1.080,0.628,0
1.660,0.836,0
2.243,0.388,0
3.325,1.184,0
2.429,0.341,0
2.248,0.591,0
2.374,0.770,0
2.588,3.689,0
1.198,0.244,0
1.939,0.747,0
1.641,2.563,1
1.339,0.460,0
1.156,1.165,1
1.130,0.719,0
1.258,0.291,0
0.814,0.794,1
1.795,0.391,0
1.405,0.670,0
1.488,0.280,0
1.653,0.955,0
1.966,0.169,0
1.087,0.582,0
1.353,1.297,0
0.688,0.848,1
0.523,0.527,0
0.593,0.561,0
2.834,0.505,0
0.624,2.849,1
1.755,0.620,0
2.759,0.633,0
1.155,0.426,0
2.955,0.492,0
3.259,0.893,0
2.171,0.456,0
4.128,0.410,0
1.878,0.471,0
1.022,0.525,0
1.797,0.702,0
1.164,0.488,0
0.791,0.574,0
0.800,0.422,1
4.024,1.260,0
1.115,0.670,0
1.407,0.537,0
1.056,0.748,0
1.515,0.622,0
1.279,0.269,0
1.185,0.578,0
0.826,1.582,1
0.755,0.842,0
1.020,1.219,0
1.627,0.441,0
3.633,0.282,0
2.293,0.434,0
3.243,1.341,0
1.777,0.368,0
1.374,0.412,0
0.787,1.171,1
1.431,0.556,0
0.545,0.572,1
1.249,0.786,0
2.976,0.669,0
1.659,0.540,0
2.377,0.733,0
1.205,0.430,0
0.771,0.623,0
1.154,0.915,0
1.198,0.356,0
2.464,0.567,0
3.485,0.340,0
1.027,0.961,1
1.219,0.894,0
1.343,1.071,0
1.226,1.125,0
0.819,1.120,0
1.496,0.946,0
1.688,0.416,0
1.707,1.067,1
0.834,0.386,0
1.364,2.300,1
0.656,0.747,0
2.166,0.884,0
0.907,0.324,0
1.269,1.150,0
1.174,1.216,0
1.105,0.269,0
0.892,0.469,0
0.649,0.493,0
3.135,0.446,0
1.613,1.363,0
1.620,2.097,0
3.698,0.355,0
1.374,1.135,0
1.844,0.552,0
1.452,1.355,1
2.454,0.166,0
1.803,0.502,0
1.658,1.244,0
1.283,0.419,0
1.632,1.227,0
2.430,0.481,0
0.565,1.192,0
1.358,0.879,0
1.193,0.506,0
1.258,0.419,0
0.592,0.580,0
2.001,1.205,0
0.984,0.634,0
1.300,0.442,0
1.148,3.960,1
0.679,0.267,0
1.178,0.562,0
0.629,0.858,0
0.942,0.358,0
1.250,0.632,0
1.437,0.505,0
1.477,0.282,0
1.354,0.818,0
3.769,0.340,0
1.752,0.420,0
0.831,1.254,0
1.094,0.344,0
1.071,0.887,0
1.330,1.220,0
1.098,1.099,0
0.980,0.823,0
3.025,0.559,0
1.469,0.294,0
1.238,0.688,0
1.286,0.812,0
1.307,0.480,0
2.696,0.369,0
1.787,1.025,0
2.388,0.355,0
0.354,0.810,0
1.669,0.487,0
2.321,0.251,0
3.503,1.543,0
1.460,0.888,0
0.666,0.855,1
1.879,0.291,0
1.101,0.591,0
0.644,0.739,0
1.091,0.420,0
2.319,1.570,0
2.476,0.208,0
1.995,0.931,0
0.900,0.223,0
4.476,0.266,0
0.852,0.311,0
1.393,0.863,0
0.753,0.425,0
2.610,0.434,0
1.764,0.381,0
2.152,0.278,0
1.503,0.382,0
1.400,0.364,0
1.562,0.524,0
0.617,0.507,0
2.259,0.166,0
2.178,0.436,0
1.211,1.214,0
1.437,0.479,0
1.653,0.595,0
2.929,0.416,0
1.755,0.423,0
1.473,0.592,0
1.150,0.293,0
0.735,0.561,0
1.106,0.245,0
1.494,0.737,0
1.291,0.257,0
1.497,0.876,0
2.024,1.067,0
1.761,0.250,0
1.638,0.884,0
1.945,0.487,0
1.575,1.154,0
1.428,0.454,0
1.789,0.520,0
0.666,0.517,0
2.546,1.212,0
0.811,0.209,0
2.112,0.923,0
1.458,0.637,0
2.387,0.462,0
1.473,0.530,0
0.948,1.010,0
2.351,0.951,0
1.576,1.535,0
1.530,0.424,0
1.505,0.213,0
2.277,0.445,0
2.097,0.542,0
1.610,0.474,0
0.722,1.181,0
1.211,2.113,1
1.523,0.743,0
3.257,0.226,0
1.727,1.067,0
1.394,0.422,0
2.489,0.617,0
1.382,0.956,0
1.435,0.737,0
1.560,0.580,0
0.741,0.705,0
2.237,0.914,0
1.761,0.850,0
1.280,1.881,0
0.870,0.116,0
1.601,0.391,0
2.731,0.436,0
1.090,0.947,0
0.902,0.679,0
1.757,0.961,0
0.709,0.274,0
0.536,0.533,1
1.191,0.857,0
1.067,0.584,0
1.285,0.483,0
1.136,0.698,0
1.690,1.488,0
1.318,0.188,1
1.112,1.440,1
1.185,0.700,0
1.935,0.375,0
2.242,0.863,0
2.188,0.614,0
1.993,1.168,0
0.330,0.386,0
0.928,1.023,0
1.264,0.365,0
1.598,0.716,0
0.704,0.881,0
2.763,0.575,0
1.670,0.855,0
1.102,0.433,0
1.569,1.078,0
1.247,0.456,0
1.036,0.408,0
1.831,0.564,0
1.189,0.584,0
0.772,0.379,0
1.096,0.932,0
1.385,0.562,0
0.897,0.839,0
2.572,0.264,0
0.893,0.292,0
3.217,0.519,0
2.182,0.348,0
0.955,0.559,0
1.547,0.818,0
2.484,1.110,0
1.339,1.349,0
0.853,0.926,0
1.535,0.408,0
3.576,0.814,0
0.747,0.451,0
1.875,0.810,0
1.467,0.337,0
1.386,1.261,0
1.226,0.755,0
1.266,0.514,0
2.332,0.285,0
1.913,0.702,0
0.934,0.451,0
2.950,0.691,0
0.816,0.407,0
1.972,0.447,0
1.590,0.847,0
2.510,1.358,0
1.718,0.300,0
2.355,0.541,0
1.448,0.747,0
2.269,0.554,0
1.710,0.473,0
3.853,1.981,0
1.071,0.380,0
2.508,0.735,1
1.806,0.461,0
1.587,0.571,0
1.136,0.171,0
1.793,0.982,0
0.755,0.537,1
0.792,0.354,0
2.020,1.505,0
0.728,0.518,0
2.800,0.430,0
1.296,0.379,0
1.641,1.084,0
1.518,0.613,0
1.773,0.509,0
1.294,0.291,0
1.244,0.367,0
1.387,0.729,0
2.353,0.596,0
2.444,0.199,0
2.604,0.373,0
1.730,0.683,0
1.341,2.638,1
0.689,0.399,0
1.961,0.178,0
2.143,0.919,0
1.225,0.463,0
2.111,0.292,0
2.623,0.822,0
1.532,0.531,0
2.363,0.355,0
1.687,0.293,0
0.673,0.564,0
1.187,0.633,0
1.221,0.227,0
1.864,1.037,0
0.996,0.300,0
1.206,1.303,0
0.953,0.724,0
1.444,0.544,0
1.516,0.725,0
2.278,0.435,0
2.103,0.582,0
1.582,1.492,1
1.637,0.441,0
1.543,0.945,1
1.545,0.368,0
2.947,0.597,0
0.480,1.025,1
1.357,0.312,0
1.691,0.726,0
2.443,0.185,0
0.898,0.321,0
1.717,0.479,1
2.165,0.980,0
1.202,0.895,0
0.622,0.365,0
1.250,0.561,0
0.856,0.668,0
1.969,0.255,0
1.002,0.761,0
3.274,1.268,0
1.566,1.196,0
1.023,0.436,0
1.171,0.482,0
0.899,0.361,0
1.751,0.459,0
2.874,0.526,0
1.333,0.878,0
2.228,0.631,0
0.961,0.362,0
1.688,0.947,0
4.143,0.979,0
0.780,0.431,0
2.558,0.527,0
2.491,0.570,0
0.630,0.244,0
0.770,0.650,0
0.947,0.874,0
2.272,1.761,1
1.211,0.671,0
1.362,0.516,0
2.020,0.557,0
1.549,0.845,0
1.626,0.936,0
1.271,0.377,0
2.436,0.671,0
1.035,0.865,0
3.121,0.200,0
1.261,1.285,0
1.026,0.537,0
1.964,0.976,0
1.799,0.589,0
0.602,0.528,0
1.622,0.580,0
0.800,0.708,0
1.011,0.976,1
2.091,0.523,0
0.995,0.327,0
1.722,0.412,0
1.237,0.354,0
3.501,0.919,0
1.405,0.357,0
0.864,1.397,1
0.892,0.651,0
0.975,0.577,0
1.552,1.243,0
1.463,0.495,0
2.265,0.515,0
1.579,0.931,1
1.551,0.911,1
1.693,0.351,0
1.380,2.345,0
1.669,0.830,0
2.081,0.305,0
2.080,0.552,0
1.144,1.011,0
0.660,0.686,0
1.016,0.974,0
1.659,2.234,1
0.477,1.015,1
1.179,1.836,1
1.788,0.885,0
1.133,0.423,0
0.883,1.400,0
3.214,0.415,0
2.721,1.033,0
1.299,0.875,0
2.645,0.384,0
2.616,0.415,0
0.877,0.556,0
4.870,0.764,0
0.956,1.276,0
1.295,0.640,1
0.890,1.749,1
1.508,0.995,1
0.806,0.433,0
1.451,0.439,0
2.369,0.647,0
1.602,0.464,0
1.292,0.589,0
2.917,0.949,0
0.972,0.716,0
2.248,1.061,0
1.269,0.425,0
1.602,0.387,0
1.474,0.288,0
1.539,0.233,0
1.418,0.487,0
1.021,0.647,1
1.124,0.558,0
1.770,0.626,0
1.382,1.921,0
0.860,0.343,0
1.056,0.539,0
1.061,0.478,0
1.414,0.379,0
1.570,1.316,1
1.509,0.615,0
1.079,1.247,0
1.459,0.337,0
0.781,1.758,1
0.395,2.179,1
1.410,0.388,0
0.687,0.624,0
0.943,0.584,0
0.839,0.854,1
1.915,0.307,0
0.837,0.812,0
1.632,0.937,0
1.156,0.452,0
0.826,0.181,0
0.709,0.432,0
1.771,0.506,0
1.711,0.958,0
2.036,0.448,0
3.275,0.334,0
1.623,0.884,0
1.629,0.772,0
1.357,0.943,0
1.504,0.646,0
1.224,1.126,0
0.958,0.835,0
3.512,0.236,0
0.619,0.703,0
1.604,0.964,0
1.745,0.643,0
1.530,1.408,0
0.927,0.491,0
1.310,0.926,0
1.160,0.321,0
0.880,0.631,0
1.397,0.467,0
1.187,0.364,0
1.111,0.308,0
1.936,0.714,0
0.884,0.799,0
1.734,0.445,0
1.080,0.320,0
1.722,0.390,0
1.466,0.959,1
1.583,0.326,0
0.914,1.181,1
1.001,0.252,0
0.965,0.737,0
1.533,0.911,0
1.983,1.237,0
2.302,0.499,0
1.131,0.415,0
1.471,0.289,0
0.684,1.042,0
0.523,0.589,0
0.959,0.491,0
1.049,0.502,0
0.704,0.727,0
0.636,0.644,0
1.796,1.210,1
0.985,0.194,0
0.664,1.007,0
4.004,0.472,0
1.524,0.606,0
1.223,0.533,0
1.911,0.604,0
1.002,0.959,0
2.873,0.715,0
0.706,0.287,0
0.783,0.611,0
1.323,0.601,0
0.998,0.777,0
2.647,0.648,0
0.684,0.607,1
1.012,1.115,0
1.562,0.349,0
1.806,2.104,0
2.199,0.465,0
1.636,0.359,0
3.767,0.977,0
1.133,1.147,1
1.515,1.264,0
2.056,1.417,0
1.214,0.826,0
1.227,0.658,0
1.135,0.782,0
1.047,0.635,0
0.842,0.472,0
1.089,1.537,0
0.697,1.728,1
1.655,0.639,1
0.683,0.561,0
3.521,0.486,0
2.988,0.252,0
2.288,0.439,0
1.267,0.479,0
1.071,0.630,0
2.411,0.367,0
1.510,0.224,0
1.789,0.913,0
1.008,1.643,1
2.244,0.198,0
0.972,0.591,1
1.459,1.021,1
0.640,0.336,0
1.036,0.290,0
1.740,0.650,0
1.135,0.561,0
1.137,0.450,0
1.978,1.577,0
1.344,1.456,0
2.422,0.916,0
0.470,0.616,0
1.790,0.535,0
1.742,1.041,0
0.694,0.563,1
0.775,1.454,0
2.056,1.275,0
0.860,0.461,0
1.043,0.977,1
1.813,1.524,1
1.195,0.923,1
1.717,0.383,0
0.939,0.557,0
1.583,0.536,0
2.251,0.691,0
1.603,0.658,0
0.518,0.533,0
1.855,1.039,0
1.422,1.366,0
0.923,0.476,0
2.587,0.289,0
0.634,0.798,0
3.209,0.653,0
1.043,0.822,0
2.805,0.448,0
1.358,0.767,0
0.763,0.396,0
1.445,1.192,0
1.607,1.652,0
1.766,0.393,0
2.228,0.157,0
0.927,0.502,0
1.727,0.492,0
1.927,0.733,0
1.226,0.666,0
0.910,0.865,0
0.902,2.935,1
1.937,0.486,0
1.981,0.538,0
0.955,0.838,0
0.760,0.239,0
2.412,1.019,0
0.690,0.470,0
1.487,0.300,0
0.965,0.416,0
0.631,0.874,0
1.463,1.053,0
1.271,1.318,0
2.638,0.845,0
3.829,0.446,0
1.272,0.903,0
2.191,0.637,0
2.210,2.409,1
1.095,0.215,0
0.939,1.617,0
2.847,1.019,0
1.175,0.835,0
1.368,0.635,0
1.215,0.490,0
1.304,0.393,0
1.056,0.284,0
1.935,2.054,0
2.428,1.122,0
1.171,0.970,1
0.746,0.819,0
1.415,0.234,0
0.711,0.576,0
1.039,0.718,0
2.401,1.271,0
3.913,0.387,0
1.638,0.781,0
0.859,0.590,0
1.962,0.684,0
0.506,0.438,0
1.014,0.822,0
2.737,0.705,0
1.932,0.241,0
0.746,1.315,0
0.657,2.261,1
2.029,0.417,0
1.355,1.272,0
1.061,0.394,0
1.664,0.505,0
1.070,1.782,1
0.585,0.756,0
1.987,1.559,0
1.035,0.796,0
0.883,1.183,0
0.762,0.620,0
1.548,1.494,1
0.965,1.817,1
1.830,0.988,0
1.228,0.498,0
2.245,0.556,0
1.164,0.405,0
1.033,0.951,0
0.573,0.908,1
0.846,0.465,0
1.910,1.131,0
5.435,0.497,0
0.790,1.858,1
0.870,1.076,1
1.610,1.640,0
1.714,0.462,0
1.022,0.396,0
1.434,0.251,0
0.674,0.978,1
1.211,0.369,0
2.072,1.436,0
2.877,0.743,0
1.284,1.045,1
1.233,0.339,0
1.695,0.496,0
2.272,0.760,0
1.722,1.031,0
0.989,0.339,0
1.624,0.831,0
2.135,0.437,0
1.006,1.075,0
0.761,0.607,0
1.739,0.584,0
1.631,0.875,0
2.135,1.299,0
1.441,0.603,0
1.038,1.349,0
1.139,0.398,0
0.874,0.804,0
0.907,0.373,0
1.078,0.774,0
1.116,0.417,0
2.282,0.702,0
0.800,0.968,0
1.357,0.405,0
1.065,0.263,0
2.699,0.625,0
1.559,0.916,0
1.174,0.781,1
1.998,0.418,0
1.429,1.087,0
1.121,0.587,0
2.759,1.046,0
1.908,0.423,0
3.010,0.875,0
2.330,1.309,1
1.964,0.478,0
1.473,0.585,0
0.855,0.964,0
1.908,0.914,0
1.435,0.834,1
1.880,0.641,0
1.385,0.291,0
1.021,0.683,0
0.886,0.338,0
1.901,0.717,0
2.479,0.190,0
1.223,1.502,1
1.705,1.936,1
2.583,0.872,0
0.958,0.430,0
1.195,0.579,0
0.843,1.110,0
2.358,0.979,0
1.565,0.466,0
1.132,1.316,0
0.664,1.014,0
1.285,0.915,1
2.175,0.563,0
1.220,0.682,0
1.152,0.463,0
1.855,0.756,0
0.803,0.475,0
1.426,1.293,1
1.821,0.697,0
0.984,0.765,0
0.962,0.816,1
1.557,0.812,0
1.333,0.313,0
1.255,1.370,0
1.530,0.718,0
1.540,0.505,0
0.922,0.401,0
1.035,0.469,0
1.705,0.488,0
2.302,0.685,0
2.555,0.426,0
0.956,0.722,0
2.275,0.737,0
1.958,0.467,0
1.377,2.268,1
1.736,0.637,0
2.022,0.816,0
3.102,0.721,1
0.872,0.622,1
1.827,0.980,0
1.313,1.438,0
1.274,0.651,0
2.332,0.424,0
2.014,0.912,0
0.889,0.209,0
1.232,0.737,0
1.547,0.610,0
0.744,0.807,0
2.056,0.297,0
1.352,0.532,0
1.504,0.385,0
1.624,0.502,0
3.131,0.927,0
1.422,0.604,1
1.193,0.485,0
3.038,1.278,0
1.119,0.675,0
1.107,0.222,0
0.754,0.379,0
2.265,0.835,0
1.580,0.846,0
1.727,0.752,1
1.507,0.767,0
1.318,0.408,0
0.987,0.630,0
0.989,0.348,0
1.697,0.420,0
1.480,0.403,0
2.896,0.418,0
0.998,0.548,0
1.128,0.582,0
0.889,0.426,0
2.588,1.180,0
0.809,0.512,0
1.975,1.509,1
2.658,1.127,0
1.316,0.339,0
1.935,1.057,0
0.544,0.305,0
1.180,1.428,0
0.670,0.777,0
1.513,0.379,0
1.407,0.198,0
0.996,0.521,0
2.134,0.311,0
1.642,1.170,0
1.111,0.328,0
1.116,0.569,0
0.729,0.840,0
1.291,0.647,0
3.600,0.740,0
1.022,0.561,0
1.691,0.948,0
1.099,0.386,0
2.005,0.872,0
1.706,0.333,0
1.265,0.704,0
0.635,0.345,0
1.116,0.572,0
2.393,0.878,0
1.259,1.247,1
1.856,0.240,0
1.133,0.421,0
0.612,0.376,0
1.696,1.229,0
1.618,0.398,0
1.085,0.932,1
1.190,0.481,0
1.596,0.291,0
1.078,0.675,1
1.637,0.343,0
1.282,0.944,0
0.492,0.995,0
1.317,1.308,0
1.076,0.366,0
0.968,1.491,0
1.679,1.072,0
1.130,0.240,0
1.785,2.110,1
2.284,1.582,0
1.497,0.361,0
0.705,0.758,0
1.014,0.306,0
2.108,0.589,0
1.252,0.701,0
0.981,0.887,0
1.350,0.405,0
1.757,0.624,0
1.577,0.382,0
1.873,0.780,0
0.974,0.909,0
1.244,0.659,0
1.256,1.182,1
1.392,0.955,0
0.553,0.775,0
1.265,1.190,0
0.774,0.323,0
2.609,0.621,0
2.809,0.242,0
2.970,0.627,0
2.016,0.491,0
1.133,0.992,1
2.155,0.498,0
1.287,0.447,0
1.847,0.602,0
0.942,0.589,0
1.084,0.838,0
1.730,0.394,0
3.096,0.280,0
1.392,0.267,0
3.836,1.184,0
4.796,0.319,0
0.796,0.492,0
1.391,0.347,0
0.922,1.023,0
1.324,0.466,0
1.110,1.235,0
1.367,0.432,0
2.163,0.745,0
2.139,0.957,0
1.581,1.073,0
1.410,0.331,1
1.485,0.519,0
1.491,0.607,0
1.819,0.234,0
1.412,0.934,1
1.762,0.784,0
0.787,0.837,0
2.006,0.297,0
3.067,0.701,0
1.529,0.805,0
0.752,1.112,0
2.571,0.478,0
1.218,0.918,0
0.373,1.848,1
1.279,0.501,0
1.846,0.508,0
1.673,0.533,0
2.449,0.282,0
1.859,0.522,0
1.491,1.539,1
0.585,0.384,0
0.859,0.572,0
1.528,1.219,0
1.907,0.865,0
0.893,0.720,0
1.074,0.530,0
1.739,0.598,0
0.603,0.640,0
0.593,0.925,0
1.273,0.664,0
1.578,1.062,0
1.140,0.231,0
0.508,0.995,1
1.426,0.478,0
0.781,0.641,0
1.888,0.506,0
1.349,0.903,0
1.587,0.597,0
1.878,0.895,0
1.116,0.411,0
2.040,0.707,1
2.455,1.242,0
1.684,1.168,0
2.552,0.525,0
1.068,0.689,0
2.122,0.522,0
1.591,0.598,0
0.909,0.644,1
1.363,1.232,0
1.115,0.876,0
1.104,1.409,0
1.467,1.470,0
2.265,0.321,0
1.225,0.755,1
1.492,0.501,0
0.734,0.266,0
1.480,0.355,0
2.360,0.486,0
2.025,1.582,1
1.744,0.669,0
1.117,0.577,0
0.914,0.629,0
1.354,0.425,0
0.778,0.702,0
0.815,0.608,0
2.149,0.264,0
0.938,0.479,0
3.143,3.942,0
0.747,0.900,0
1.710,0.606,0
0.838,0.917,0
1.526,0.378,0
0.888,0.671,0
1.438,1.028,0
1.317,0.268,0
1.155,0.430,0
1.774,0.515,0
2.766,0.549,0
1.085,0.485,0
2.094,0.741,0
1.466,1.110,0
1.393,0.771,0
3.752,1.113,0
0.537,1.125,1
1.042,0.464,0
0.630,0.741,0
1.228,0.523,0
1.275,0.913,0
6.000,0.530,0
1.647,0.579,0
3.143,1.600,0
2.518,0.582,0
1.160,0.276,0
1.748,0.683,0
2.971,0.751,0
1.525,0.488,0
1.549,0.665,0
1.766,1.110,0
0.722,0.485,0
0.983,0.579,0
1.640,0.438,0
1.800,0.766,0
0.937,0.599,0
1.222,0.390,0
1.336,0.590,0
1.319,1.716,0
1.922,0.256,0
1.480,0.305,0
1.519,0.769,0
0.751,0.304,0
0.882,1.833,1
1.628,0.288,0
0.693,0.318,0
1.591,0.487,0
1.050,1.147,0
0.982,0.988,0
1.882,0.872,0
1.042,0.753,0
0.961,1.292,0
1.043,0.242,0
1.446,0.745,0
4.803,1.385,0
0.547,0.362,0
1.396,0.763,0
1.264,1.239,0
2.154,1.258,0
1.193,0.597,0
0.467,1.746,1
2.544,0.843,0
0.864,1.142,0
1.369,0.361,0
0.763,0.428,0
0.862,0.427,0
1.126,1.658,1
2.062,0.184,0
2.048,0.240,0
1.076,0.986,1
1.758,0.695,0
1.189,0.131,0
1.476,0.520,0
1.505,0.545,1
1.852,1.230,0
1.066,0.230,0
1.323,0.484,0
1.547,1.138,0
1.461,0.968,0
0.982,0.393,0
3.028,0.551,0
1.141,0.292,0
1.967,1.336,0
1.536,0.511,0
2.420,1.272,0
0.528,0.988,0
3.506,0.401,0
1.274,0.596,0
0.808,0.911,0
1.484,0.816,0
3.844,1.457,0
1.756,1.171,0
0.808,0.767,0
1.139,0.933,0
2.545,0.441,0
0.748,0.469,1
1.292,0.890,0
1.228,0.772,0
3.690,0.357,0
1.229,0.619,0
2.519,0.421,0
1.034,0.480,0
0.978,1.288,0
2.193,0.390,0
1.849,0.456,0
0.646,0.875,0
1.863,0.673,0
1.866,0.707,0
1.064,0.299,0
1.544,0.638,0
1.578,0.531,0
1.126,0.420,0
1.077,0.480,0
1.037,0.554,0
1.239,1.014,0
0.772,1.766,1
1.373,0.688,0
0.717,1.429,0
1.446,0.689,0
1.347,0.294,0
0.880,0.669,0
2.047,1.285,0
3.323,1.369,0
2.528,0.406,0
0.759,2.136,1
2.470,0.439,0
1.542,0.440,0
1.366,0.492,0
1.071,1.406,1
1.394,0.805,0
2.600,1.056,0
1.783,0.199,0
1.162,0.633,0
1.036,0.613,0
1.161,0.944,0
1.816,0.507,0
3.217,1.229,0
0.871,0.452,0
1.396,0.310,0
1.177,0.272,0
0.998,1.278,1
1.669,0.976,0
1.787,0.430,0
0.742,1.173,1
0.880,0.596,1
2.382,0.612,0
1.610,0.300,0
1.764,0.487,0
1.117,0.692,1
1.179,0.728,0
1.715,0.484,0
1.119,1.108,0
0.852,1.405,0
1.398,0.425,0
2.092,0.809,0
0.882,0.290,0
2.239,0.814,0
1.911,0.391,0
0.951,0.602,0
1.402,0.717,0
1.372,0.575,0
1.854,1.140,0
1.881,0.433,0
0.782,0.511,0
0.766,0.778,0
2.211,0.643,0
1.470,0.749,0
1.683,0.586,0
1.622,0.427,0
2.765,0.932,0
0.816,0.683,1
2.271,1.057,0
0.970,1.330,0
1.933,0.543,0
2.540,0.443,0
0.755,0.515,0
1.672,0.465,0
1.235,0.228,0
1.228,1.569,0
1.424,0.816,0
0.875,2.263,1
0.910,0.488,0
1.873,0.899,0
2.036,0.759,0
1.085,0.633,0
0.731,1.105,1
3.917,0.658,0
2.279,0.631,0
1.640,0.716,0
0.884,0.201,0
1.078,0.449,0
1.557,0.445,0
0.912,1.576,0
2.850,0.897,0
1.485,0.996,0
1.664,0.917,0
0.884,0.594,0
0.934,1.578,1
0.984,0.589,0
1.580,0.311,0
1.242,0.918,0
1.229,1.229,0
1.607,0.695,0
1.544,0.799,0
2.700,1.094,0
1.281,1.481,0
0.892,0.897,1
1.390,1.605,0
2.675,0.768,0
1.093,2.000,0
1.428,0.318,0
1.193,1.087,0
1.672,0.768,0
1.566,0.702,0
0.976,0.335,0
1.263,1.165,0
2.121,0.595,0
2.271,0.390,0
2.103,0.472,0
2.048,0.583,0
1.206,0.696,0
1.190,0.408,0
2.109,0.405,0
0.832,0.822,0
1.363,0.635,0
0.615,1.868,1
1.182,0.528,0
1.023,0.978,0
0.820,1.658,1
1.807,0.593,1
1.010,1.111,0
1.188,0.774,0
1.248,0.678,0
1.010,1.542,1
2.623,0.390,0
1.124,0.479,0
1.525,0.259,0
0.785,0.619,0
1.134,1.110,1
1.212,0.577,0
1.221,1.018,1
1.080,0.442,0
1.490,1.207,0
2.785,0.621,0
1.319,0.512,0
1.315,1.569,1
1.177,0.656,0
4.290,0.893,0
2.854,0.703,0
1.789,0.956,1
1.909,0.703,0
1.022,0.349,0
1.307,0.765,0
1.535,0.848,0
1.475,0.809,0
0.958,0.584,0
0.991,1.718,0
1.757,0.449,0
1.606,0.703,0
0.552,0.737,1
1.457,0.372,0
2.453,0.351,0
1.052,0.936,0
1.556,0.941,0
0.736,0.710,0
2.021,0.282,0
0.855,0.565,0
0.805,0.748,0
1.217,0.915,0
3.984,1.234,0
1.069,0.838,0
0.802,1.096,0
1.716,1.583,0
1.549,0.192,0
2.909,1.112,0
0.800,0.523,0
0.693,0.849,0
1.218,0.735,0
1.654,0.384,0
1.639,0.409,0
2.259,0.829,0
0.724,0.599,0
0.973,0.968,0
1.321,0.537,0
2.028,2.042,1
1.727,0.575,1
1.162,1.965,1
0.892,0.441,0
2.066,0.884,0
2.128,1.191,0
4.635,0.329,0
1.294,0.395,0
2.866,0.815,0
0.821,1.204,1
1.102,1.351,0
1.039,0.880,0
1.141,1.142,0
0.951,0.356,0
1.102,0.526,0
1.367,1.407,0
1.148,0.491,0
1.873,0.579,0
1.350,0.263,0
1.399,0.594,0
2.682,0.284,0
1.609,0.794,0
1.499,1.425,0
1.389,0.774,0
1.440,0.717,1
1.803,0.531,0
0.983,0.876,0
2.320,0.366,0
2.800,0.514,0
2.329,2.046,0
1.127,0.330,0
0.694,0.487,0
1.155,0.314,0
1.499,1.253,0
2.018,0.578,0
1.292,0.335,0
1.225,0.338,0
2.738,1.173,0
1.042,0.933,0
2.240,0.995,0
2.087,0.632,0
0.779,1.049,0
1.583,1.305,0
1.096,0.927,0
0.922,0.281,0
0.620,0.231,0
0.702,0.301,0
1.681,0.750,0
1.180,0.296,0
1.580,0.368,0
0.877,0.662,0
1.216,0.409,0
1.243,0.331,0
0.709,1.076,0
0.673,0.840,0
1.701,0.981,0
1.495,1.052,0
0.928,1.384,0
1.339,0.633,0
1.876,0.585,0
3.140,0.255,0
0.947,0.567,0
1.838,0.470,0
3.564,1.118,0
1.442,0.918,1
2.674,1.400,0
0.448,1.143,0
2.653,1.202,0
1.394,0.849,0
0.612,0.691,1
1.975,0.525,0
2.225,0.635,0
2.386,0.388,0
2.377,0.788,0
1.382,0.613,0
1.007,0.219,0
1.143,0.154,0
1.379,0.435,0
1.675,0.499,0
1.133,0.545,0
1.431,1.264,0
2.062,0.458,0
1.617,0.326,0
3.854,0.780,0
3.628,1.082,0
0.844,1.519,1
1.090,0.373,0
0.786,0.558,0
0.838,0.509,0
1.782,1.412,0
0.904,0.920,0
0.882,0.645,0
1.243,0.933,0
1.995,0.527,0
1.197,0.572,0
1.196,0.625,0
2.101,0.488,0
1.725,0.557,0
1.713,0.766,0
2.129,0.722,0
0.896,1.387,0
1.540,1.000,0
1.058,0.611,0
2.205,0.200,0
2.009,0.291,0
0.883,0.487,1
2.530,0.518,0
0.836,0.318,0
2.349,0.520,0
1.533,0.672,0
0.953,0.453,0
0.854,0.587,0
1.224,0.601,0
1.386,0.436,0
1.023,0.401,0
1.797,0.590,0
0.754,0.726,1
1.396,0.365,0
1.401,0.216,0
0.612,0.381,0
1.606,0.821,0
0.801,0.270,0
0.463,1.023,0
1.067,0.462,0
1.265,0.672,0
2.090,0.419,0
1.129,0.853,0
2.689,0.645,0
2.648,0.762,0
2.272,0.226,0
2.517,0.916,0
1.635,0.260,0
1.094,0.527,0
1.866,0.823,0
2.150,0.567,0
1.556,0.814,0
1.256,0.684,0
0.699,0.657,0
1.889,0.410,0
1.636,1.060,0
0.786,1.128,0
1.463,0.473,0
1.929,0.392,0
1.334,0.697,0
1.982,0.422,0
1.956,0.673,0
0.727,0.960,0
1.225,0.886,0
1.736,1.355,0
2.103,0.797,0
2.618,0.363,0
0.598,0.401,0
1.359,0.827,0
1.923,1.693,0
2.411,0.520,0
2.961,0.388,0
0.924,1.295,0
1.186,0.586,0
0.877,0.898,0
2.013,1.097,0
0.777,0.375,0
2.368,0.519,0
2.122,0.468,0
1.738,0.824,0
0.533,0.878,0
1.036,0.483,0
1.953,0.836,0
0.746,0.247,0
1.258,0.750,0
1.336,0.747,0
2.079,0.626,0
1.587,0.294,0
1.581,0.593,0
1.151,0.358,0
1.403,1.327,1
1.318,0.538,0
1.934,0.561,0
1.292,0.589,0
2.216,0.826,0
0.658,0.650,0
2.386,0.825,0
1.297,0.386,0
2.311,1.106,0
1.452,0.484,0
2.046,0.925,0
2.718,0.706,0
1.094,1.088,0
1.450,0.601,0
1.297,0.291,0
1.535,0.344,0
0.681,0.555,0
1.296,1.278,0
1.252,0.503,0
0.986,0.642,0
1.283,1.194,1
0.705,0.467,0
2.604,0.732,0
1.706,0.723,0
3.232,0.458,0
0.948,0.703,0
0.832,1.073,0
1.585,1.074,0
0.666,0.525,0
1.546,2.813,1
1.023,0.748,0
1.205,0.541,0
1.565,0.430,0
1.427,0.376,0
3.198,0.953,0
1.851,0.141,0
0.787,0.577,0
2.161,0.307,0
0.770,0.572,0
1.452,0.614,0
0.802,0.318,0
0.967,0.375,0
2.505,1.202,0
1.090,0.469,0
1.049,0.622,0
1.088,0.531,0
1.215,0.958,0
2.650,1.172,0
0.827,1.003,0
0.806,0.831,1
1.806,0.835,0
0.687,0.338,0
1.186,1.227,0
2.307,0.468,0
1.396,0.395,0
1.127,0.514,0
1.017,0.414,0
0.928,0.772,0
1.072,0.907,0
1.480,1.210,0
2.422,0.594,0
2.140,0.459,0
1.083,0.541,0
1.006,0.341,0
1.896,0.427,0
0.621,1.751,1
1.144,0.419,0
1.204,0.493,0
0.848,0.864,1
0.893,0.712,0
1.622,0.927,0
0.666,0.399,0
0.925,0.360,0
1.040,1.233,0
1.438,0.440,0
0.754,0.594,0
2.246,0.697,0
1.208,0.240,0
1.234,0.565,0
1.178,0.446,0
1.026,0.818,0
0.895,0.532,0
2.302,0.195,0
1.513,0.938,0
1.316,0.167,0
2.149,0.505,0
1.007,0.436,0
1.825,0.455,0
1.393,0.620,0
0.929,1.020,0
1.932,0.398,0
0.710,0.455,0
1.839,0.916,0
0.930,0.811,0
1.651,0.904,0
2.540,0.741,0
1.770,0.550,0
1.053,0.485,0
1.358,0.488,0
1.168,0.997,0
0.817,1.351,0
0.841,1.737,1
1.400,0.365,0
1.742,0.552,0
0.628,0.626,0
1.328,0.573,0
1.716,0.349,0
1.438,1.928,1
0.878,1.363,0
2.166,0.574,0
0.799,0.494,0
1.823,0.622,0
2.779,0.334,0
0.554,0.524,1
1.532,0.932,0
1.570,1.472,1
1.510,0.990,0
0.972,1.223,0
1.189,0.362,0
0.736,0.117,0
1.447,1.276,1
1.730,0.687,0
1.016,0.599,1
0.905,1.487,0
1.106,0.379,1
1.358,0.381,0
1.400,0.425,0
1.301,1.447,0
1.404,1.022,0
0.763,0.248,0
0.407,1.478,0
1.788,0.630,0
2.551,0.780,0
0.728,0.418,0
1.014,1.661,0
1.553,0.785,0
2.072,1.240,0
1.811,0.372,0
2.391,0.899,1
1.327,0.655,0
1.632,0.556,0
1.630,0.409,0
1.123,0.434,0
2.310,0.340,0
1.789,0.442,0
2.092,0.617,0
1.144,0.847,0
2.140,0.277,0
0.853,0.364,0
1.616,0.454,0
0.429,0.266,0
0.870,0.537,0
1.879,0.544,0
1.113,0.565,0
1.466,0.774,0
0.664,1.022,0
2.685,0.949,0
1.765,0.723,0
1.342,0.851,0
1.630,0.412,0
1.568,0.382,0
2.532,0.876,0
1.491,0.839,0
0.710,1.967,0
1.212,0.555,0
2.388,0.373,0
1.744,0.727,0
1.127,0.494,0
1.775,0.392,0
1.428,1.275,0
1.774,1.711,0
0.675,0.759,1
0.914,0.444,0
1.819,0.714,0
1.230,0.607,0
1.584,0.302,0
3.213,0.967,0
1.183,0.749,0
1.509,1.206,0
1.062,0.468,0
1.031,0.620,0
1.313,0.589,0
0.716,0.254,0
0.538,2.329,1
2.474,0.209,0
1.296,0.344,0
2.224,0.520,1
1.432,0.276,0
1.449,0.781,0
1.822,0.491,0
1.861,0.652,0
0.799,0.709,0
2.308,0.652,0
0.885,0.661,0
1.484,0.580,0
4.175,0.786,0
1.406,0.960,0
2.825,0.549,0
1.165,0.497,0
1.778,0.510,0
1.388,0.739,0
1.631,0.519,0
0.932,0.515,0
0.907,0.285,0
1.573,1.736,0
0.683,0.330,0
0.937,1.525,0
1.800,0.959,0
1.036,1.082,0
0.919,0.724,0
0.834,0.819,0
1.448,0.737,0
1.157,0.864,0
1.450,0.984,0
1.250,1.412,0
3.062,0.376,0
1.121,0.820,0
0.574,1.486,1
1.429,1.324,0
1.359,0.370,0
1.454,0.749,0
0.671,0.736,0
2.232,0.725,0
1.339,0.193,0
1.333,1.005,1
0.678,0.272,0
1.671,2.026,1
1.319,0.902,0
2.456,0.606,0
1.132,0.892,1
0.790,0.689,0
1.437,0.482,0
0.910,0.608,0
1.629,0.769,0
0.845,0.418,0
1.283,0.934,0
1.229,1.157,0
1.338,1.131,0
1.084,1.197,0
0.952,1.277,1
1.323,0.932,0
1.053,1.285,0
1.452,0.663,0
1.205,0.798,0
0.508,1.365,0
1.322,1.800,1
2.493,0.533,0
1.550,0.297,0
1.764,2.011,0
1.657,1.190,0
1.106,1.699,1
0.758,1.041,0
1.934,0.732,0
2.152,0.459,0
1.739,0.386,0
1.634,1.396,1
1.613,1.089,0
1.342,0.764,0
1.530,0.356,0
1.365,0.488,0
1.565,0.463,0
0.900,0.549,0
1.032,0.138,0
1.740,0.727,0
1.172,1.484,0
0.474,0.482,0
1.434,0.654,0
0.503,0.747,0
3.118,0.378,0
1.857,0.811,0
1.819,0.418,0
1.019,0.510,0
0.833,0.738,0
1.240,0.626,0
1.371,0.679,0
0.974,0.394,0
1.456,0.952,0
1.832,0.361,0
1.764,1.014,1
0.867,0.498,0
0.533,0.342,0
1.363,0.615,0
1.023,0.366,0
1.651,0.486,0
2.768,0.595,0
2.767,0.981,0
1.541,0.988,0
2.199,0.834,0
2.771,0.554,0
1.390,0.285,0
1.533,0.572,0
1.969,0.543,0
1.343,0.602,0
1.100,0.486,0
0.987,0.487,0
1.368,0.993,0
1.044,0.315,0
1.925,0.648,0
1.183,1.268,0
2.566,0.427,0
2.302,0.380,0
0.802,0.572,0
2.177,0.537,0
1.150,0.743,0
2.467,1.334,0
1.706,0.603,0
1.342,0.870,0
1.828,0.472,0
1.078,0.496,0
1.578,0.755,0
1.617,0.450,0
1.287,1.228,0
1.619,0.519,0
0.893,0.591,0
1.743,0.368,0
0.816,0.510,0
1.794,0.376,0
1.682,0.496,0
1.862,0.248,0
1.082,0.641,0
5.053,1.647,0
1.248,0.235,0
1.469,1.641,0
0.996,0.604,0
2.542,1.038,0
1.126,0.374,0
2.110,1.920,0
0.920,0.361,0
1.576,0.618,0
1.177,1.489,0
2.056,0.323,0
1.219,0.183,0
0.955,0.619,0
1.677,0.425,0
0.830,0.381,1
0.919,0.393,0
1.921,0.291,0
0.622,1.371,0
1.915,1.243,0
1.167,0.308,0
0.937,0.607,0
1.538,0.501,0
1.816,1.167,0
1.081,0.408,0
1.287,1.547,0
1.953,0.644,0
1.914,0.419,0
1.359,0.612,0
1.001,0.468,0
0.929,2.186,0
1.079,0.696,0
1.858,0.494,0
1.780,0.676,0
1.585,1.430,0
2.519,0.381,0
1.226,0.257,0
1.186,1.309,0
1.183,0.896,0
3.145,0.502,0
0.582,0.614,0
1.579,1.171,0
1.688,0.146,0
1.434,1.282,0
3.771,0.583,0
2.300,0.927,0
1.941,0.623,0
0.955,3.459,1
1.729,0.457,0
1.195,1.168,1
1.427,0.155,0
1.526,0.654,0
1.142,0.985,0
1.834,0.275,0
2.801,0.211,0
2.178,0.675,0
1.539,1.114,1
0.619,1.224,0
2.227,0.440,0
2.219,0.773,0
1.295,0.295,0
1.149,1.664,1
1.860,0.468,0
0.999,1.286,1
1.973,0.552,0
0.891,0.534,0
0.954,1.555,1
1.419,0.397,0
0.761,1.299,0
1.411,0.526,0
1.766,0.395,0
0.808,0.404,0
2.087,1.186,0
1.113,0.611,0
1.780,0.526,1
1.545,0.279,0
1.164,1.217,0
1.132,1.136,1
0.686,0.762,0
1.052,0.978,0
1.020,0.107,1
2.829,0.477,0
2.173,0.697,0
0.792,0.676,0
1.983,0.467,0
1.553,0.727,0
1.204,0.427,0
1.719,0.445,0
1.975,0.322,0
1.112,0.688,0
1.260,0.429,0
1.517,0.484,0
0.934,1.366,1
1.530,0.623,0
1.368,0.625,0
1.063,0.274,0
0.993,0.478,0
1.611,1.094,0
2.049,0.863,0
1.628,0.657,0
0.988,0.579,0
1.942,0.661,0
1.522,0.793,0
1.818,0.533,0
2.313,0.162,0
0.968,1.879,1
1.336,1.191,0
1.102,0.586,0
0.980,1.385,0
3.296,0.311,0
2.105,1.296,0
0.674,0.708,0
1.696,1.039,0
1.122,0.527,0
2.298,0.693,0
1.468,0.879,0
1.317,1.135,0
1.505,0.846,0
1.666,0.814,0
1.436,0.460,0
1.293,1.639,0
1.338,0.715,0
1.758,0.563,0
0.882,0.533,0
1.417,0.329,0
1.348,0.425,0
1.156,0.276,0
1.933,0.713,0
0.824,0.610,0
1.216,0.719,0
0.991,0.320,1
1.784,0.505,0
1.165,0.448,0
1.448,1.099,1
1.668,0.281,0
0.725,0.276,0
1.715,1.291,0
1.036,0.777,0
1.275,0.269,0
1.353,1.338,0
1.993,1.448,0
1.935,1.194,0
2.980,0.205,0
1.528,0.681,0
1.161,0.396,0
1.149,0.550,0
1.867,0.267,0
2.783,1.654,0
1.637,0.435,0
1.114,0.742,0
1.592,0.992,0
1.580,0.893,0
1.439,0.799,0
1.038,0.514,0
0.488,0.719,0
1.132,0.564,0
2.209,0.182,0
1.552,1.104,0
0.561,0.451,1
1.422,0.478,0
0.653,0.508,0
3.274,0.297,0
1.537,0.327,0
0.856,0.236,1
1.984,0.824,0
1.021,1.219,0
1.797,0.663,0
1.432,0.339,0
0.864,1.306,1
1.877,0.534,0
0.808,0.265,1
2.493,0.226,0
1.456,0.703,0
0.921,1.408,0
0.662,0.515,0
2.799,0.449,0
2.611,0.547,0
0.837,0.399,0
2.835,0.471,0
1.522,0.731,0
1.293,0.427,0
1.368,1.062,0
1.268,0.371,0
2.589,0.939,0
1.511,0.769,0
0.654,0.514,0
3.420,0.540,0
2.056,0.532,0
0.898,1.600,1
1.222,0.407,0
0.970,1.222,1
1.447,1.107,0
1.675,0.528,0
1.568,1.547,0
1.104,0.172,0
1.014,0.727,0
2.026,0.682,0
1.360,0.642,0
3.654,1.007,0
1.011,0.510,0
1.977,0.573,0
1.449,1.196,0
1.031,0.596,0
2.516,0.360,0
1.495,0.869,0
0.975,0.607,0
1.241,0.466,0
2.176,0.861,0
0.848,0.416,0
2.533,0.370,0
1.893,0.550,0
1.262,0.572,0
2.510,0.654,0
2.960,0.328,0
1.825,1.636,0
1.525,0.921,1
3.086,0.687,0
2.662,0.721,0
0.961,0.160,0
1.301,1.056,1
1.296,0.362,0
1.194,0.838,0
0.755,0.329,0
2.075,1.092,0
1.470,0.473,0
1.479,0.565,0
2.569,1.473,0
1.118,1.095,0
1.385,0.298,0
1.593,0.433,0
1.182,0.707,0
1.354,0.559,0
1.961,0.991,1
1.414,0.436,0
2.489,0.226,0
1.034,0.385,0
1.545,0.574,1
0.777,0.859,0
1.350,0.956,0
1.055,1.261,1
2.523,0.723,0
1.944,0.568,0
1.760,0.949,0
3.096,0.601,0
2.613,0.491,0
1.923,0.491,0
1.060,1.059,0
0.770,1.438,1
1.401,1.310,0
1.221,0.264,0
1.079,1.159,0
1.255,0.343,0
0.704,0.526,0
2.668,0.877,0
0.875,0.305,0
1.067,0.323,0
1.807,0.420,0
0.712,1.608,1
2.097,1.149,0
2.112,0.388,0
1.243,0.685,0
0.898,0.684,0
1.161,0.755,0
0.647,0.430,0
2.558,1.404,0
1.452,0.516,0
1.038,0.997,0
0.965,0.252,0
1.811,0.788,0
2.688,0.688,0
0.826,1.341,1
1.112,0.152,0
0.672,0.862,0
1.891,0.994,0
1.517,0.549,0
3.709,1.310,0
1.347,2.021,0
1.179,1.032,0
1.049,0.992,0
2.040,1.335,0
0.709,0.810,0
1.953,1.249,0
1.576,0.884,0
1.144,0.436,0
0.966,0.357,0
2.224,1.214,0
3.137,0.884,0
1.174,0.440,0
1.778,0.645,0
2.983,1.424,0
1.089,0.248,0
1.275,0.387,0
0.843,0.934,0
1.332,1.001,0
1.371,0.334,0
1.187,0.368,0
1.035,0.697,0
0.722,1.379,1
0.799,0.640,0
0.935,0.177,0
1.866,1.121,0
1.142,0.629,0
0.986,0.494,0
1.879,0.336,0
1.805,1.228,0
1.028,0.737,0
1.086,0.795,0
1.882,0.772,0
1.659,0.809,0
0.992,1.009,0
1.573,1.634,0
1.401,0.354,0
2.286,0.610,0
0.979,0.496,0
2.071,1.606,0
1.708,0.543,0
0.921,0.262,0
2.229,0.627,0
2.095,0.425,0
0.806,0.423,0
3.320,0.497,0
0.868,0.310,0
0.957,0.219,0
1.236,1.861,1
1.975,0.593,0
1.823,0.380,0
1.363,0.896,0
2.552,1.326,0
1.689,0.243,1
2.585,0.497,0
4.768,0.742,0
1.542,0.400,0
0.468,0.815,0
1.168,0.322,0
0.893,0.441,0
1.477,0.595,0
1.480,0.805,0
0.836,0.650,0
0.863,0.437,0
1.266,0.519,0
1.304,0.198,0
0.460,2.059,1
2.161,0.507,0
1.438,0.540,0
1.413,0.736,0
1.614,0.871,0
0.911,0.768,0
1.388,0.438,0
2.226,0.255,0
2.264,0.577,0
1.734,0.409,0
1.257,0.469,0
0.993,0.635,0
2.519,0.725,0
1.783,1.294,1
1.180,0.586,0
0.551,0.245,0
0.971,0.876,0
0.612,1.058,0
2.445,0.257,0
1.541,0.886,0
1.025,0.704,0
1.257,0.471,0
4.422,0.697,0
2.417,0.786,0
0.787,0.879,0
1.340,1.194,1
0.827,0.630,0
0.666,0.632,0
1.532,2.400,1
4.101,0.352,0
2.819,0.546,0
1.447,0.522,0
1.203,0.969,0
1.551,1.168,0
2.238,0.306,0
0.745,1.250,1
0.622,0.330,0
3.254,2.672,0
1.606,0.439,1
2.884,1.167,0
1.576,0.548,0
2.726,0.938,0
1.083,0.420,0
1.769,0.683,0
2.821,0.643,0
2.230,0.668,0
1.157,0.984,1
2.110,0.498,0
1.057,0.531,0
0.754,0.308,0
1.790,0.588,0
2.642,0.484,0
2.070,1.033,0
0.811,0.919,0
2.088,0.426,0
1.920,0.810,0
1.156,1.310,0
0.469,0.566,0
2.230,0.333,0
2.106,2.465,0
1.771,0.862,0
0.656,0.936,0
0.730,2.524,1
2.228,0.409,0
2.030,0.752,0
1.769,0.224,0
1.271,0.833,0
1.692,0.790,0
1.114,0.413,0
1.234,0.397,0
0.963,0.577,0
1.592,0.560,0
1.177,1.520,0
2.172,0.555,0
1.958,0.582,0
0.987,0.577,0
3.228,0.263,0
0.859,0.486,0
1.736,0.302,0
2.305,0.681,0
2.519,0.190,0
0.528,0.342,0
2.222,0.731,0
2.452,0.200,0
2.705,0.269,0
0.523,1.098,1
1.048,0.305,0
1.358,0.632,0
1.162,0.752,0
2.590,0.354,0
1.046,0.250,0
2.464,1.472,0
1.826,0.467,0
0.739,0.844,0
0.909,0.418,1
1.149,0.776,0
1.482,0.308,0
2.218,0.298,0
1.307,0.357,0
2.136,0.449,0
0.699,0.449,0
0.360,0.529,0
1.219,0.805,0
1.744,0.472,1
1.206,1.062,0
0.901,0.440,0
1.716,0.914,0
3.387,1.307,0
1.355,1.655,0
1.024,0.212,0
0.970,1.641,0
3.437,0.240,0
1.394,1.386,1
1.869,0.630,0
2.457,0.770,0
2.304,0.377,0
0.937,1.062,0
2.182,0.926,0
2.075,0.468,0
1.769,0.452,0
2.235,1.018,0
1.102,1.121,0
1.372,0.970,0
1.121,0.515,0
1.996,0.636,1
1.058,1.065,1
1.694,1.007,0
0.867,1.183,1
1.343,0.687,0
1.206,0.431,0
1.348,0.745,0
1.507,0.815,0
1.306,0.474,0
1.286,0.813,0
0.559,0.401,0
2.334,0.732,0
1.072,0.456,0
1.271,2.037,1
0.978,1.224,0
2.225,0.734,0
0.945,0.308,0
1.781,0.323,0
2.411,0.933,0
2.976,0.585,0
2.422,0.753,0
1.875,0.267,0
0.828,0.278,0
2.537,0.677,0
2.423,0.567,0
2.070,0.305,0
2.038,0.409,0
1.471,0.978,0
1.127,0.500,0
2.311,0.872,0
2.520,1.577,0
0.892,0.765,0
2.145,0.682,0
1.589,0.458,0
2.120,1.242,0
1.611,0.287,0
2.346,0.347,0
2.258,0.629,0
2.122,0.282,0
0.768,1.090,1
2.064,0.451,0
1.459,0.850,0
0.861,0.536,0
1.960,0.553,0
0.774,0.640,0
2.133,0.216,0
3.051,0.349,0
1.141,0.490,0
2.158,2.155,1
1.750,0.994,0
1.914,0.946,1
0.781,0.359,0
1.879,1.038,0
1.520,1.260,0
1.993,0.961,0
1.438,2.691,1
2.338,0.303,0
1.620,0.351,0
1.942,0.549,0
2.642,0.371,0
1.556,0.653,1
2.236,0.846,0
1.588,0.630,0
1.812,0.671,0
1.135,0.793,0
2.029,0.972,0
2.481,0.442,0
1.386,0.439,0
2.047,1.223,0
1.740,0.527,0
0.879,0.401,0
1.683,0.742,0
2.586,0.523,0
1.159,0.677,1
0.652,0.612,0
1.576,0.898,0
1.082,1.049,0
3.343,0.402,0
1.414,0.325,0
1.437,1.526,0
1.090,0.435,0
1.609,0.270,0
1.122,0.223,0
0.966,0.621,0
1.402,0.445,0
1.006,0.231,0
2.584,0.376,0
0.860,0.354,0
1.395,1.095,0
1.063,0.721,0
0.783,0.629,0
3.007,0.315,0
0.569,0.573,0
2.741,0.911,0
0.772,0.690,0
1.500,1.131,0
3.918,0.660,0
0.563,0.926,0
0.786,0.813,0
2.573,0.463,0
1.556,1.319,1
1.133,0.772,0
1.422,0.995,0
0.942,0.352,0
1.522,0.348,0
2.788,0.573,0
1.218,0.406,0
1.533,0.889,0
2.452,0.792,0
3.466,1.241,0
1.112,0.874,0
1.646,0.340,0
1.125,1.065,0
1.085,0.442,0
1.209,0.422,0
1.091,0.654,0
0.672,0.629,0
0.599,1.118,0
1.045,2.992,1
1.528,0.798,0
2.463,1.407,0
1.141,0.563,0
1.339,0.761,0
1.929,0.476,0
1.998,0.501,0
1.371,1.323,0
1.408,0.811,0
3.292,0.808,0
1.244,0.407,0
1.162,1.617,0
0.704,0.573,0
1.745,0.442,0
1.284,0.626,0
3.345,0.915,0
1.244,0.954,0
2.062,1.418,0
2.175,0.353,0
2.980,0.499,0
0.809,1.490,1
2.873,2.204,1
1.450,0.448,0
1.377,0.600,0
1.258,0.271,0
1.212,0.403,0
1.239,0.389,0
0.516,0.598,0
1.805,0.329,0
1.482,1.055,0
0.949,0.613,0
1.402,0.551,0
3.965,1.050,0
1.704,0.547,0
1.215,0.320,0
3.060,0.643,0
1.016,2.084,0
1.347,0.669,0
1.130,0.844,0
1.299,0.568,0
1.988,0.561,0
1.860,0.835,0
1.045,0.148,0
1.362,0.321,0
1.496,0.457,0
1.204,0.546,0
1.418,1.406,1
1.050,2.433,1
1.043,0.895,0
1.469,0.788,0
0.915,0.921,0
1.730,1.447,0
1.323,0.369,0
0.961,0.483,0
1.100,0.690,0
1.167,0.746,0
1.342,0.223,0
1.513,0.802,0
1.314,0.265,0
0.984,0.964,0
2.695,1.007,0
2.139,0.183,0
1.511,0.834,0
2.183,0.705,0
1.660,0.451,0
1.285,1.067,0
1.494,1.899,0
4.617,0.831,0
2.221,0.347,0
2.269,0.287,0
1.211,0.333,0
1.870,0.362,0
3.861,1.171,0
1.733,0.741,0
2.299,0.623,0
2.492,1.021,0
1.905,0.639,0
2.863,0.645,0
1.590,0.399,0
1.787,0.449,0
1.093,0.643,0
4.552,0.333,0
1.642,1.572,1
1.509,0.677,0
2.636,0.468,0
1.162,1.080,0
1.434,0.354,0
1.022,1.129,0
1.451,0.662,0
1.213,1.774,1
1.821,0.468,0
1.360,0.509,0
1.107,0.398,1
1.264,0.319,0
1.364,0.725,0
1.150,0.354,0
2.162,0.753,0
1.926,0.445,0
1.531,1.126,0
0.856,0.156,0
1.800,0.794,0
0.824,0.648,0
1.557,0.632,0
1.467,0.446,0
1.111,1.646,1
1.001,0.504,0
1.062,0.797,0
3.510,0.547,0
1.280,0.518,0
1.313,0.663,0
2.180,0.914,0
1.724,0.342,0
2.275,0.488,0
0.843,0.292,0
0.895,0.785,0
6.000,0.395,0
1.410,0.419,1
1.266,0.901,0
1.540,0.627,0
2.209,0.787,0
0.857,0.584,0
1.624,0.789,0
1.419,0.661,0
1.924,0.342,0
1.548,0.708,0
1.140,0.522,0
0.986,0.553,0
0.499,0.735,0
2.197,0.466,0
0.759,0.353,0
1.206,1.206,0
2.954,1.729,0
1.198,0.522,0
1.872,1.183,0
1.310,0.779,0
1.944,0.443,0
1.454,0.399,0
1.152,0.541,0
2.578,0.498,0
1.280,0.525,0
0.804,0.589,1
1.245,0.339,0
1.813,1.013,0
0.887,0.339,1
2.018,0.351,0
2.000,1.046,1
3.598,0.957,0
1.088,1.400,0
1.912,0.679,0
0.697,0.443,0
1.198,1.182,0
1.502,0.598,1
1.712,0.589,0
1.402,0.396,0
1.380,0.787,0
1.101,0.172,0
1.184,0.841,0
1.638,0.210,0
1.828,1.018,0
1.893,0.268,0
2.207,0.916,0
2.399,2.449,1
0.659,0.541,0
1.146,0.332,0
1.339,1.833,0
1.087,0.495,0
2.256,0.342,0
1.984,1.256,0
1.370,0.132,0
1.513,0.279,0
2.478,0.306,0
1.236,0.430,0
1.253,0.207,0
2.123,0.991,0
1.758,1.106,0
2.649,0.611,0
1.684,0.502,0
1.983,0.267,0
1.135,0.815,0
0.957,0.429,0
1.430,0.884,0
0.457,1.104,0
1.712,0.647,0
2.182,0.197,0
1.484,0.377,0
1.305,1.335,0
2.294,0.734,0
1.410,1.377,0
2.191,0.185,0
3.695,0.593,0
1.961,0.573,0
2.151,0.258,0
1.776,0.443,0
1.600,1.080,1
1.617,0.850,0
1.478,0.470,0
2.290,0.755,0
0.717,1.216,0
1.280,0.349,0
1.906,0.741,0
0.999,1.121,0
1.372,0.432,0
1.065,1.292,0
1.736,0.601,1
2.083,1.163,0
2.685,1.050,0
1.783,0.730,0
1.054,0.538,0
1.600,0.440,0
1.835,0.694,0
2.635,0.710,0
0.571,1.368,0
1.685,0.603,0
0.654,0.768,0
1.953,1.598,0
1.739,0.755,0
1.780,0.813,0
2.101,1.532,0
1.695,0.665,0
1.087,0.788,0
1.670,0.958,0
2.406,0.593,0
1.366,0.343,0
1.453,0.283,0
0.853,0.566,0
2.365,1.174,0
1.156,1.094,1
1.044,1.550,0
1.185,1.041,0
0.992,0.443,0
1.289,0.284,0
2.485,0.476,0
2.019,0.547,0
2.649,0.420,0
2.720,1.050,0
0.977,0.409,0
1.765,0.870,0
2.735,0.972,1
3.852,0.243,0
0.782,0.501,0
0.779,1.262,0
1.756,1.006,1
1.243,0.676,0
0.937,0.344,0
1.691,0.430,0
1.023,0.663,0
0.542,1.265,0
1.421,0.829,0
1.514,0.603,0
1.887,0.719,0
2.149,0.970,0
1.552,0.241,0
1.296,0.367,0
1.077,0.643,0
0.707,1.229,1
1.188,1.144,0
2.201,0.412,0
1.897,0.640,0
3.462,0.420,0
1.343,0.510,0
0.666,0.684,1
2.045,0.518,0
2.238,0.465,0
0.868,0.333,0
0.717,0.264,0
1.530,0.568,0
1.945,0.701,0
0.885,0.886,0
1.238,0.403,0
1.026,0.424,0
0.862,1.263,1
0.813,0.793,0
1.521,1.026,0
1.220,0.462,0
1.073,0.426,0
0.467,0.335,0
3.032,1.087,0
0.954,0.338,0
1.349,0.244,0
0.877,0.418,0
1.683,1.264,0
0.748,0.640,0
1.489,0.717,0
1.319,0.672,0
2.121,0.615,0
0.893,0.575,0
1.081,0.292,1
1.292,1.572,1
3.513,0.580,0
0.758,1.227,0
1.618,0.268,0
1.078,0.849,0
1.632,0.330,0
1.890,0.310,0
1.517,0.730,0
1.598,1.110,0
1.609,1.336,0
1.109,1.309,0
1.300,0.543,0
0.700,0.970,1
1.225,0.454,0
1.025,0.469,0
1.278,0.721,0
1.956,0.591,0
1.680,1.005,0
1.745,0.231,0
2.289,1.176,0
0.512,0.458,0
1.714,1.418,0
1.410,1.182,0
1.366,0.335,0
0.813,0.614,0
1.803,0.915,0
2.332,0.409,0
2.214,0.420,0
1.372,0.534,1
1.873,0.950,0
2.115,1.039,0
3.114,0.501,0
2.410,0.995,0
1.512,1.416,1
1.482,1.046,0
1.529,0.423,0
1.569,0.399,0
1.149,0.739,0
1.982,0.991,0
1.057,0.800,0
1.008,0.512,0
1.656,0.380,0
1.112,1.267,0
1.280,0.583,0
0.583,1.757,1
2.000,0.338,0
1.418,0.528,0
1.346,0.446,0
1.734,1.736,1
1.556,1.246,0
1.053,0.483,0
3.362,0.221,0
1.171,1.191,0
2.159,0.681,0
3.119,0.342,0
1.089,0.279,0
1.479,0.789,0
1.000,0.567,0
2.231,0.686,0
1.231,0.787,0
0.886,0.518,0
2.501,0.547,0
2.107,0.910,0
0.970,0.598,0
2.362,0.545,0
1.545,0.901,0
4.559,0.215,0
2.967,1.252,0
1.119,0.810,0
1.265,0.418,0
0.975,0.577,0
1.504,1.243,0
1.449,0.860,0
1.948,0.241,0
1.474,0.365,0
0.755,0.703,0
1.002,1.687,1
2.606,0.966,0
2.332,0.571,0
1.325,0.873,0
1.339,0.642,0
1.321,0.540,0
1.433,0.784,0
0.690,0.198,0
2.085,1.106,0
1.070,0.854,0
1.512,0.501,0
0.479,0.400,0
1.570,0.330,0
2.522,0.739,0
0.543,0.691,0
2.726,0.702,0
1.739,1.622,0
1.036,0.192,0
0.718,0.430,0
2.339,0.418,0
1.588,1.069,0
1.831,0.556,0
1.263,0.381,0
1.008,0.714,0
2.063,0.796,0
0.942,1.536,0
2.090,0.733,0
0.692,0.502,0
0.953,0.485,0
0.760,0.409,0
2.492,0.832,0
0.669,0.996,0
0.870,0.564,0
1.885,0.592,0
1.566,1.353,0
3.643,0.674,0
3.132,0.837,0
1.851,0.353,0
1.909,0.458,0
0.647,0.199,0
0.971,0.303,0
1.232,0.780,0
1.315,1.259,0
0.785,0.551,0
0.951,0.333,0
0.986,0.671,1
2.241,1.191,0
1.704,0.583,0
1.230,1.053,0
1.260,0.616,0
1.608,0.326,0
1.051,0.389,0
1.267,0.555,0
0.676,2.215,1
1.893,0.878,0
2.146,0.560,0
1.658,0.747,0
1.743,0.716,0
1.660,0.501,0
3.416,0.602,0
1.549,0.555,0
0.803,0.956,0
0.903,1.494,1
1.927,1.317,0
2.245,0.536,0
1.977,0.863,0
2.037,0.430,0
1.537,0.352,0
0.747,0.665,0
1.045,0.890,0
0.650,0.617,0
1.200,1.003,0
0.788,1.003,0
1.478,0.965,0
1.317,0.587,0
0.612,0.304,0
1.944,1.705,0
1.967,0.492,0
0.778,0.952,0
1.508,0.832,0
1.930,0.529,0
1.249,1.729,1
2.049,0.922,0
1.536,0.634,0
2.250,0.509,0
1.534,0.377,0
1.318,0.320,0
1.764,0.872,0
1.984,0.502,0
1.575,0.499,0
1.165,0.841,0
1.005,0.528,0
1.203,0.911,0
1.103,0.451,0
1.544,0.481,0
1.520,1.053,0
1.361,0.441,0
1.411,0.891,0
1.521,0.841,0
2.780,0.641,0
2.377,0.259,0
1.099,0.313,0
1.694,0.352,0
1.224,0.317,0
1.352,1.020,1
1.269,0.397,0
1.076,0.325,0
0.782,0.484,0
0.485,0.605,0
1.538,0.257,0
2.353,0.886,0
0.952,0.945,0
1.755,0.461,0
1.192,0.989,0
1.590,0.274,0
0.993,0.472,0
1.274,0.583,0
1.342,0.662,0
0.502,1.190,0
1.546,0.533,0
1.326,0.368,0
0.480,0.716,0
1.865,0.694,0
1.387,0.813,0
1.537,0.532,0
1.645,0.700,0
1.174,0.468,0
0.881,0.865,0
1.159,0.445,0
1.167,0.455,0
3.688,1.199,0
3.132,0.422,0
1.137,0.638,0
1.174,0.867,0
1.616,0.536,0
1.796,1.040,0
1.039,0.465,0
0.908,1.108,0
3.257,0.274,0
2.223,0.306,0
0.713,0.661,0
0.650,1.381,1
0.979,1.525,0
1.544,0.400,0
1.780,0.627,0
1.209,0.488,0
0.693,0.200,0
1.543,0.943,0
1.823,0.520,0
1.401,1.337,1
1.129,0.740,0
1.801,0.478,0
1.367,0.438,0
0.859,0.575,0
1.460,0.814,0
0.796,0.489,0
2.134,2.904,1
1.719,0.713,0
0.906,0.344,0
1.536,0.665,0
2.420,1.183,0
0.548,0.803,0
1.317,0.532,0
2.878,0.445,0
0.710,0.415,0
1.301,0.336,0
0.750,0.482,0
1.359,0.734,0
0.489,0.469,0
0.687,1.536,1
1.106,0.781,0
1.487,0.501,0
1.653,0.626,0
1.687,1.408,0
2.318,0.253,0
1.902,0.724,0
1.936,2.713,0
0.910,1.095,0
1.307,0.390,0
5.675,0.681,0
3.794,0.561,0
2.016,2.871,1
1.939,0.443,0
2.163,0.550,0
1.172,0.533,0
3.318,0.295,0
1.187,0.107,1
1.350,0.560,0
3.654,0.841,0
0.559,0.504,0
1.642,0.832,0
0.655,0.957,0
1.049,0.929,0
1.345,0.254,1
1.198,1.441,1
1.512,1.014,0
0.997,0.984,0
1.338,0.640,0
0.828,0.636,0
1.180,0.475,0
0.758,0.799,0
1.872,1.050,0
0.789,0.468,0
1.903,0.992,0
1.166,0.495,0
1.224,0.878,0
2.362,0.589,0
1.469,1.014,0
0.604,1.809,1
1.747,0.720,0
0.387,0.488,0
1.576,0.506,0
1.172,0.893,0
0.752,0.487,0
1.450,1.083,0
1.221,0.749,0
3.414,1.041,0
1.152,0.473,0
3.320,0.380,0
2.590,0.426,0
1.067,0.791,0
0.974,0.417,1
2.520,0.929,0
1.318,0.209,0
1.503,0.445,0
1.250,0.583,0
0.817,0.237,0
1.186,0.458,0
0.913,0.284,0
0.707,0.614,0
1.228,0.560,0
3.104,0.954,0
2.880,0.405,0
1.362,0.264,0
1.488,0.475,0
1.760,0.685,0
2.570,0.672,0
1.614,0.699,0
1.131,1.236,0
1.176,0.527,0
2.324,0.569,0
4.484,0.404,0
1.058,0.463,0
0.560,1.125,0
2.012,0.777,0
1.353,0.155,0
1.490,1.228,0
2.436,0.217,0
1.443,0.512,0
0.773,1.082,0
0.582,0.686,0
1.371,0.865,0
0.834,1.024,0
1.595,0.752,0
0.791,0.324,0
1.196,0.781,0
0.725,0.438,0
1.190,0.173,0
1.147,0.546,0
1.829,0.861,0
2.558,0.683,0
1.290,0.643,1
0.952,1.641,0
3.368,0.742,0
1.649,1.050,0
1.843,0.765,0
1.841,1.561,1
2.691,0.524,0
2.204,1.214,0
1.900,1.718,1
1.977,0.523,0
0.954,1.130,0
1.067,0.308,0
1.337,0.761,0
1.462,0.956,0
1.414,0.409,0
1.611,0.243,0
1.419,0.659,0
1.158,0.537,0
0.677,0.710,0
2.041,0.753,0
1.826,1.009,0
0.945,1.500,1
1.754,0.813,0
1.675,0.281,0
1.449,0.927,0
0.614,0.795,0
0.816,0.697,0
1.071,1.520,1
2.896,0.744,0
0.954,0.531,0
1.201,0.829,0
0.852,0.271,0
1.125,1.084,1
1.636,0.667,0
0.553,1.613,1
0.392,0.936,0
1.889,0.792,0
1.425,0.715,0
1.069,0.341,0
2.168,0.619,0
2.169,0.761,0
0.547,1.104,0
1.301,0.818,0
2.308,0.944,0
1.039,0.940,0
1.218,0.487,0
2.153,0.764,0
1.243,0.577,0
0.819,0.329,0
1.030,0.286,0
0.773,1.016,0
1.799,1.412,0
0.646,1.403,1
2.200,0.410,0
0.669,1.465,1
1.431,1.512,1
0.725,0.431,0
1.217,0.846,0
2.221,1.641,1
2.323,0.684,0
2.521,1.236,0
1.347,0.465,0
1.472,0.542,0
1.557,1.048,0
1.850,0.596,0
1.172,0.698,0
2.300,0.685,0
1.623,0.374,0
2.346,1.462,0
1.738,0.605,0
1.902,0.545,0
1.010,0.512,0
1.163,0.674,0
0.784,0.393,0
1.228,1.041,0
1.296,0.542,0
2.042,1.000,0
0.796,0.405,0
6.000,0.375,0
1.327,0.395,0
2.470,0.737,0
2.239,0.318,0
0.451,1.026,0
1.246,0.544,0
2.721,1.057,0
0.471,0.529,1
1.982,1.009,0
0.929,0.373,0
1.137,0.358,0
1.551,0.896,0
0.605,0.482,0
1.531,1.153,0
1.048,0.446,0
1.001,0.856,0
1.922,0.416,0
6.000,0.253,0
1.636,1.410,0
1.798,0.579,0
1.370,1.098,0
1.012,0.714,0
1.574,0.256,0
2.775,0.803,0
1.526,1.165,0
2.092,1.305,0
1.265,1.575,0
4.355,0.801,0
0.667,0.612,0
1.823,0.673,0
1.787,0.344,0
1.579,0.964,0
0.847,0.958,0
0.839,0.782,0
1.259,0.425,0
1.463,0.917,0
0.811,0.480,0
0.866,1.272,1
1.800,0.465,0
2.225,0.486,0
1.086,0.543,1
1.021,0.369,0
1.008,0.397,0
4.264,0.554,0
1.742,0.170,0
1.357,1.911,1
2.197,0.790,0
3.926,0.756,0
2.366,0.400,0
0.735,0.716,1
1.344,0.642,0
1.164,0.679,0
1.196,0.288,0
0.807,0.604,0
1.170,0.231,0
0.856,0.578,0
1.626,0.397,0
1.424,0.462,0
0.738,0.539,0
0.646,1.016,0
1.124,1.249,1
1.870,0.654,0
1.743,0.358,0
1.353,1.442,0
0.314,0.299,0
1.116,0.476,0
0.999,0.572,1
1.199,0.430,0
0.804,1.326,0
1.147,0.799,0
1.033,1.153,0
4.743,0.546,0
1.915,1.030,0
1.278,0.591,0
1.364,0.592,0
1.321,0.755,0
1.517,0.793,0
1.161,0.875,0
1.383,0.571,0
2.215,0.283,0
2.028,0.539,0
1.602,0.149,0
2.542,0.547,0
1.542,0.411,0
0.895,1.000,0
0.633,0.146,0
1.018,1.903,1
1.355,0.530,0
1.668,0.268,0
2.266,0.804,0
1.076,0.833,0
0.969,0.805,0
1.974,2.094,0
2.371,0.406,0
1.123,0.749,0
1.623,0.693,0
2.593,0.440,0
1.611,0.748,0
1.360,1.268,0
0.545,0.401,1
2.535,0.816,0
1.864,1.104,0
1.475,0.911,0
1.130,0.267,0
0.794,0.745,0
1.332,0.517,0
1.328,1.245,0
2.287,0.596,0
0.807,1.861,1
2.671,0.326,0
1.416,0.838,0
2.381,0.396,0
0.900,1.678,1
1.630,1.503,0
2.417,0.386,0
1.468,0.963,1
0.718,0.624,0
1.201,0.263,0
1.774,0.361,0
0.741,0.674,0
0.726,0.845,0
1.550,0.520,0
0.908,0.749,0
1.895,0.757,0
0.820,0.746,0
0.609,0.335,0
0.982,0.688,0
2.732,0.853,0
0.944,0.283,0
1.390,1.478,1
1.558,1.413,0
0.908,0.697,0
2.280,1.994,0
1.510,0.412,0
1.704,0.381,0
0.653,0.454,0
0.633,0.432,0
0.403,1.747,1
1.280,0.655,0
1.258,0.619,0
1.932,0.779,0
2.725,1.520,0
1.244,0.700,0
1.236,0.520,0
1.709,0.741,0
2.779,1.269,0
0.963,0.572,0
1.850,1.380,0
1.248,0.755,0
1.200,0.580,0
2.015,0.836,0
0.977,1.876,1
0.862,0.560,0
1.883,1.354,1
1.380,0.869,0
1.239,0.697,0
1.314,0.657,0
1.746,0.999,0
1.182,0.894,0
1.971,0.783,0
1.682,0.915,0
2.722,0.400,0
2.469,0.448,0
2.054,0.371,0
1.274,0.530,0
1.473,0.570,0
1.069,0.523,0
5.044,0.855,0
1.264,0.382,0
1.794,0.560,0
2.576,1.024,0
0.756,1.597,1
0.963,0.658,0
1.170,1.228,0
0.893,1.347,0
0.789,0.368,0
1.107,0.729,0
2.501,0.362,0
1.937,0.518,0
1.420,0.798,0
1.416,0.322,0
0.662,0.853,0
1.913,0.593,0
1.694,0.561,0
0.859,0.855,0
1.535,0.409,0
1.283,0.255,0
1.108,0.649,0
0.896,0.432,0
1.032,0.574,0
0.915,0.352,0
1.722,0.384,0
1.649,0.366,0
1.618,0.319,0
1.289,0.410,0
1.165,0.417,0
3.509,0.647,0
0.605,3.534,1
2.398,0.456,0
1.641,0.270,1
1.444,0.871,0
1.113,0.327,0
1.269,0.393,0
0.821,0.528,0
0.750,0.650,0
1.331,0.660,0
0.664,0.725,0
2.043,0.596,0
2.313,1.155,0
0.300,0.999,1
0.696,0.473,0
1.583,0.565,0
1.541,0.305,0
1.473,0.906,0
1.694,0.567,0
1.960,1.772,0
2.069,0.439,0
3.135,1.437,0
1.418,0.386,0
2.067,0.256,0
0.675,0.399,0
1.321,0.762,1
0.810,1.096,0
2.624,0.395,0
4.010,1.066,0
1.789,0.478,0
0.781,0.480,0
1.333,0.538,0
1.421,1.540,0
1.534,0.698,0
2.290,0.745,0
2.155,0.280,0
0.426,0.691,0
2.595,0.735,0
1.122,1.522,0
1.091,0.396,0
2.655,0.432,0
1.245,0.385,0
0.758,0.445,0
0.773,0.907,0
1.441,0.411,0
2.112,1.255,0
2.759,0.643,0
1.300,0.386,0
1.137,0.444,0
2.915,0.301,0
1.143,0.289,0
2.706,1.171,0
1.561,1.012,0
1.563,0.371,0
1.263,0.494,0
1.605,1.493,0
1.140,0.426,0
1.035,0.709,0
1.322,0.827,1
1.048,0.565,0
1.611,0.568,0
1.460,0.524,0
1.248,0.670,0
1.284,0.271,0
1.267,0.644,0
3.072,0.692,0
1.399,0.307,0
1.075,0.800,0
1.230,0.380,0
1.892,0.153,0
1.283,0.221,0
1.312,0.660,0
1.251,0.847,0
1.512,0.497,0
1.674,0.286,0
1.715,0.573,0
0.673,1.025,1
0.869,0.610,0
0.430,0.283,0
2.014,0.804,0
2.311,0.561,0
2.520,0.569,0
1.498,0.645,0
2.354,0.845,0
1.381,0.589,0
1.330,0.372,0
0.702,0.588,0
0.987,0.671,0
1.076,1.178,0
2.122,0.323,0
2.960,0.579,0
1.137,0.389,0
1.660,0.721,0
1.589,0.465,0
0.991,0.119,0
0.647,1.041,0
1.000,0.436,0
0.736,0.346,0
1.218,0.277,0
1.317,0.351,1
1.294,0.310,0
1.301,0.576,0
1.744,0.674,0
0.923,0.597,0
2.091,0.755,0
0.662,0.398,0
1.443,0.862,0
1.670,0.589,0
0.983,0.791,0
0.685,0.867,0
1.868,0.511,0
1.036,1.214,0
1.992,0.958,0
1.980,0.500,0
1.398,1.606,0
1.401,1.527,1
2.184,0.273,0
1.660,0.186,0
0.922,0.447,0
1.511,0.801,0
1.797,1.032,0
1.535,0.892,0
1.526,0.620,0
1.312,1.051,0
1.329,0.917,0
0.921,0.494,0
0.738,0.690,1
2.322,1.108,0
1.054,0.444,0
1.549,0.447,0
0.715,0.400,0
1.505,1.373,1
0.967,0.899,0
5.300,0.986,0
0.888,0.513,0
0.909,0.618,0
2.138,1.204,0
2.333,0.540,0
0.546,1.184,1
1.571,0.621,0
2.077,0.620,0
0.810,0.845,1
1.903,0.995,0
1.107,1.611,1
0.896,0.522,0
1.198,1.554,1
1.140,0.418,0
0.752,0.397,0
3.813,0.190,0
1.143,0.988,0
1.003,1.392,0
2.053,0.331,0
1.356,0.529,0
2.544,0.548,0
1.243,0.274,0
1.639,0.654,0
1.460,0.740,0
1.509,0.482,0
1.276,0.365,0
1.337,0.677,0
2.963,0.867,0
1.033,0.295,0
1.097,0.597,0
1.201,0.851,1
1.807,0.140,0
1.676,0.750,0
2.127,1.585,0
0.770,0.317,0
1.573,1.272,0
1.295,0.539,0
1.233,0.873,0
1.507,0.579,0
0.581,0.342,0
1.582,0.252,0
1.494,2.271,1
0.740,0.308,0
1.342,0.546,0
2.797,1.358,0
1.178,0.744,0
1.825,0.694,0
1.267,0.214,0
0.975,0.453,0
0.929,0.309,0
1.173,0.241,0
2.502,0.768,0
2.016,0.988,0
1.022,0.418,0
2.187,0.446,0
1.323,0.797,0
1.029,1.015,0
1.697,0.359,0
0.933,1.186,0
0.696,1.047,0
2.494,0.634,0
0.621,0.348,0
1.784,0.858,0
0.710,0.917,1
1.383,1.629,0
1.283,0.458,0
1.152,1.483,0
0.529,0.523,0
1.335,0.840,0
1.379,0.595,0
0.940,0.662,0
1.360,1.395,1
2.181,0.438,0
1.018,0.989,0
1.572,0.548,0
0.840,0.621,0
1.662,0.430,0
1.863,0.705,0
4.225,0.216,0
2.097,0.550,0
1.700,1.092,0
2.624,0.996,0
0.902,0.264,1
2.259,0.346,0
1.101,0.507,0
1.066,1.739,1
2.283,0.503,0
1.557,0.630,0
2.529,0.555,0
0.738,0.747,0
1.584,0.388,0
1.112,0.729,0
1.246,0.820,0
0.603,1.113,0
2.129,0.394,0
1.542,1.032,1
0.907,1.793,1
0.774,0.972,1
0.956,0.919,0
2.612,0.169,0
1.345,1.309,0
1.213,1.790,0
1.750,1.229,0
1.414,0.835,0
1.560,0.996,1
1.957,3.230,1
1.630,0.432,0
2.078,0.511,0
0.831,1.154,0
1.449,0.730,0
1.205,0.197,0
1.478,0.718,0
1.385,0.767,0
1.065,0.383,0
1.209,0.781,0
2.145,0.727,0
1.106,0.239,0
0.815,0.841,0
1.836,2.045,0
2.171,1.643,0
1.254,0.344,0
1.495,0.310,0
0.976,0.657,1
1.293,0.741,0
2.306,0.307,0
2.015,0.425,0
1.511,1.332,0
1.254,0.726,0
0.690,1.119,0
1.627,0.625,0
1.733,1.112,1
2.255,0.476,0
3.446,0.479,0
1.673,0.379,0
2.161,0.223,0
0.866,0.512,0
2.411,0.303,0
2.079,0.492,0
2.586,0.686,0
1.910,0.698,0
1.732,0.786,0
2.721,0.512,0
1.059,0.615,0
1.885,1.192,0
2.287,0.583,0
1.005,0.644,0
0.856,0.167,0
1.720,0.347,0
1.501,1.152,0
1.858,0.395,0
1.888,0.352,0
1.016,1.074,0
1.651,0.324,0
2.336,1.088,0
1.218,0.599,0
1.257,0.449,0
0.868,0.206,0
2.040,1.306,0
3.357,0.234,0
0.782,0.322,0
1.992,0.972,0
2.120,0.320,0
1.116,0.833,0
1.212,0.619,0
0.902,0.544,0
1.012,0.354,0
1.535,0.439,0
1.901,0.733,0
1.503,0.369,0
2.078,0.891,0
1.563,0.719,0
0.856,0.848,0
2.701,0.716,0
2.403,0.858,0
1.047,0.776,0
3.111,0.991,0
1.757,0.775,0
1.516,0.752,0
3.318,0.382,0
0.478,0.245,0
0.708,0.648,0
1.955,1.065,0
1.286,0.379,0
0.946,0.264,0
2.776,0.467,0
1.774,0.767,0
0.819,1.006,0
1.073,0.528,0
2.078,0.331,0
3.139,0.609,0
0.596,0.914,0
1.601,0.612,0
1.214,1.096,0
0.667,0.478,1
1.335,1.015,0
0.711,1.543,0
1.135,0.365,0
2.922,0.392,0
1.800,0.899,0
2.025,3.474,1
1.870,0.831,0
1.680,0.621,0
2.203,1.290,0
0.862,0.592,0
1.228,0.260,0
2.092,0.374,0
1.045,1.318,0
1.188,0.251,0
2.446,0.289,0
2.824,0.987,0
1.104,0.684,0
1.007,1.222,0
1.862,0.353,0
1.624,0.421,0
1.073,0.521,0
1.874,0.320,0
1.840,0.555,0
1.495,0.574,0
5.245,1.012,0
2.622,0.601,0
2.065,0.506,0
2.263,0.826,0
5.302,1.156,0
2.339,1.114,0
1.053,0.733,0
1.663,0.512,0
1.492,0.486,0
1.126,0.308,0
1.620,0.654,0
1.614,0.622,0
1.410,1.554,1
1.167,0.710,0
2.081,0.949,0
0.717,1.290,0
2.077,0.226,0
1.452,0.442,0
1.631,0.554,0
0.509,0.673,0
3.027,0.338,0
0.676,1.009,1
0.989,1.035,0
1.919,0.830,0
1.108,0.915,1
1.209,0.345,0
0.541,1.175,0
1.194,0.451,0
1.588,0.224,0
1.950,0.675,0
1.275,0.795,0
1.593,0.433,0
1.755,0.254,0
1.075,0.335,0
1.040,0.580,1
3.432,0.157,0
0.995,1.106,0
2.491,1.091,0
1.493,0.571,0
2.769,1.126,0
1.093,0.576,0
1.818,0.338,0
1.675,0.891,0
1.310,0.857,0
1.660,0.379,0
1.032,0.291,0
1.398,0.367,0
1.214,1.196,0
2.025,0.533,0
1.391,2.942,1
0.784,0.439,0
1.229,0.878,0
1.387,0.751,0
0.972,0.557,0
2.604,0.996,0
1.731,0.394,0
2.100,0.611,0
1.034,0.331,0
1.215,0.190,0
2.259,0.654,0
0.770,0.336,0
1.703,0.308,0
1.507,0.867,0
1.161,0.576,0
1.507,0.778,0
0.901,1.627,0
1.599,0.695,1
0.846,0.808,0
0.824,0.328,0
2.685,0.998,0
1.062,1.006,1
0.569,0.354,0
2.227,0.904,0
1.030,0.751,0
0.306,0.561,0
1.412,0.661,1
2.182,2.384,1
1.692,0.442,0
3.097,0.525,0
1.370,0.667,0
1.887,0.571,0
0.928,0.232,0
1.557,0.900,0
2.851,1.046,0
1.810,1.633,0
1.557,0.463,0
0.604,0.316,0
1.226,0.904,0
0.819,0.359,0
2.043,0.630,0
1.045,0.505,1
1.700,0.700,0
0.930,0.494,0
3.339,0.927,0
0.862,0.381,0
1.540,2.338,0
4.640,0.969,0
1.594,0.448,0
0.985,0.371,0
1.903,0.570,0
2.249,0.488,0
2.131,0.401,0
0.606,1.360,0
1.595,1.078,0
0.565,0.348,0
3.361,0.859,0
1.496,0.637,0
1.182,0.965,0
1.954,0.440,0
1.800,2.040,0
0.857,0.660,0
2.981,1.894,1
1.302,0.488,0
0.664,1.328,0
2.699,0.596,0
2.864,1.582,0
2.532,0.573,0
1.850,0.352,0
0.976,0.351,0
2.200,0.447,0
3.314,0.883,0
2.084,0.778,0
2.956,0.676,0
1.028,1.136,0
2.283,1.560,0
2.201,0.365,0
0.748,1.102,0
0.704,2.263,1
1.054,0.451,1
1.505,0.465,0
1.776,0.792,0
1.313,0.720,0
1.410,0.472,0
1.381,0.610,0
1.510,1.538,0
1.884,1.050,0
1.812,0.407,0
1.417,0.248,0
1.630,0.346,0
1.188,0.701,0
2.072,0.412,0
1.160,0.400,0
3.021,0.944,0
1.438,0.543,0
1.642,0.515,0
1.035,0.715,0
1.246,1.411,0
1.564,0.752,0
1.466,0.929,0
1.101,0.665,0
0.865,1.490,1
1.480,0.324,0
1.557,0.343,0
1.857,0.481,1
2.536,1.938,1
1.264,1.486,1
0.596,0.348,0
1.364,0.494,0
0.637,0.861,0
0.818,0.661,0
2.304,1.036,0
1.873,0.486,0
1.090,0.256,0
1.095,0.894,0
1.397,1.266,0
0.663,0.274,0
1.803,0.227,0
1.244,0.496,0
3.312,0.228,0
0.905,0.807,0
2.278,0.337,0
1.072,0.958,0
2.296,0.528,0
0.939,0.685,0
2.020,0.917,0
1.195,0.570,0
1.006,0.365,0
1.360,1.054,0
1.801,0.284,0
1.744,1.382,1
2.950,0.456,0
2.102,0.477,0
0.447,0.792,0
1.216,0.802,0
0.596,0.842,0
1.225,0.285,0
1.924,0.393,0
0.799,0.770,0
0.858,0.782,0
1.553,0.606,0
1.279,1.299,0
2.959,0.579,0
1.682,1.070,1
1.848,1.158,0
3.189,0.772,0
1.163,0.574,0
1.455,0.958,0
0.933,0.816,0
1.635,0.897,0
2.316,0.397,0
2.690,0.825,0
1.433,1.533,0
1.059,0.547,0
1.033,0.690,0
0.779,0.561,0
1.538,1.037,0
2.681,0.206,0
0.503,1.537,0
0.549,0.847,0
2.733,0.565,0
0.708,0.744,0
1.691,1.188,0
0.828,0.785,0
2.071,0.925,0
2.072,1.238,0
1.573,0.703,0
2.113,0.963,0
1.492,1.439,0
1.880,0.873,0
3.311,0.457,0
2.391,0.980,0
1.086,1.961,1
1.018,0.539,0
1.312,0.823,0
1.318,0.812,0
1.509,1.042,0
1.114,0.513,0
1.959,0.636,0
1.487,1.873,1
1.720,0.939,1
1.467,0.458,0
1.928,0.990,0
0.854,0.666,0
2.977,1.491,0
1.710,0.267,0
1.791,0.679,0
1.927,1.100,0
2.381,0.322,0
2.039,0.428,0
1.630,0.835,0
1.350,0.657,0
0.700,0.546,0
1.614,0.761,0
1.274,0.301,0
1.273,0.407,0
4.323,1.656,0
0.636,0.453,0
1.504,0.817,0
2.531,0.626,0
2.261,1.029,0
2.563,0.771,0
0.830,0.803,1
0.953,1.216,1
1.940,0.768,0
1.285,0.255,0
3.172,0.449,0
1.628,1.401,1
1.605,1.149,1
1.792,0.568,0
1.301,0.271,0
1.552,0.437,0
1.086,2.002,0
1.447,1.237,0
1.184,1.253,0
1.652,0.268,0
0.778,0.308,0
0.753,0.467,0
1.811,0.308,0
1.631,0.684,0
0.955,0.355,0
1.330,0.833,0
0.919,0.570,0
3.691,0.475,0
0.730,0.918,0
3.186,0.821,0
1.018,0.691,0
1.782,0.528,0
1.310,0.626,0
1.243,0.226,0
2.248,0.222,0
2.129,0.445,0
1.295,0.693,1
0.980,1.676,1
3.750,0.798,0
2.776,0.376,0
1.573,0.494,0
1.292,0.323,0
1.684,0.628,0
1.532,0.612,0
2.529,0.630,0
0.956,0.744,0
1.491,1.130,0
1.038,0.931,0
2.659,0.343,0
3.325,1.016,0
1.418,0.371,0
1.883,0.791,0
2.781,0.677,0
1.291,1.600,1
0.971,0.608,0
2.359,0.610,0
1.856,0.554,0
1.346,1.025,0
2.852,0.761,0
1.644,0.557,0
0.663,1.011,0
1.727,2.015,0
1.439,1.555,0
3.446,1.452,0
1.467,0.482,0
1.347,0.613,0
1.800,0.704,0
1.651,0.256,0
0.785,1.638,1
1.560,0.296,0
1.276,0.801,0
2.782,0.330,0
4.355,0.691,0
0.894,1.010,0
0.958,0.856,0
1.012,0.405,0
1.101,0.454,0
1.084,1.067,0
1.516,0.624,0
2.415,0.688,0
0.824,1.073,0
0.740,0.166,0
0.646,0.742,0
2.433,1.279,0
2.688,1.697,0
0.742,0.937,1
0.710,0.435,0
1.569,1.091,0
2.420,1.782,0
2.336,0.458,0
1.615,0.438,0
2.012,0.596,0
1.715,0.518,0
1.153,0.215,0
3.494,0.180,0
1.480,0.319,0
0.897,0.460,0
1.199,0.818,0
0.740,0.486,0
1.492,0.711,0
2.425,1.354,0
0.838,3.262,1
2.459,1.038,0
3.799,0.381,0
1.756,1.106,0
0.879,0.645,0
1.009,0.778,0
1.274,1.088,0
0.832,0.982,0
0.844,0.318,0
1.317,0.349,0
1.365,0.746,0
1.945,0.945,0
0.863,2.016,0
3.440,0.893,0
2.388,0.530,0
2.211,0.496,0
1.105,0.439,0
3.241,0.320,0
1.269,0.319,0
3.354,0.478,0
2.399,0.679,0
0.989,0.425,0
1.207,0.649,0
3.439,0.554,0
2.325,0.569,0
1.381,0.509,0
1.624,0.753,0
1.620,0.650,0
1.046,0.154,0
1.354,0.743,0
1.100,0.681,0
1.221,0.463,0
1.828,0.705,0
0.962,0.442,0
2.055,0.687,1
1.556,0.401,0
2.088,0.929,0
2.211,0.776,0
2.597,0.294,0
1.966,0.441,0
2.037,0.939,0
1.366,0.800,0
1.914,0.693,0
0.987,0.349,0
1.326,0.445,0
2.076,0.702,0
1.447,0.754,0
1.811,0.637,0
0.920,0.410,0
2.744,0.568,0
1.142,0.492,0
1.770,0.343,0
1.466,0.355,0
2.255,0.415,0
1.246,0.286,0
0.943,0.826,0
0.629,0.971,0
1.290,1.034,0
0.864,0.422,0
1.885,0.428,0
2.837,0.733,0
0.543,0.498,0
0.828,0.541,0
1.703,0.541,0
2.585,0.269,0
1.700,1.267,0
1.714,0.296,0
1.861,0.274,0
1.920,0.986,0
3.109,0.355,0
1.952,1.137,0
0.846,0.768,0
1.196,0.774,1
1.628,0.521,0
1.027,0.299,0
1.316,0.338,0
1.168,0.675,0
1.079,0.603,0
2.026,0.334,0
1.242,0.346,0
0.904,0.401,0
1.072,0.617,0
1.506,0.808,0
3.846,1.036,0
1.664,0.523,0
2.896,1.376,0
1.852,0.938,0
0.560,1.409,1
1.757,0.399,0
1.007,0.870,0
0.803,1.143,0
0.909,0.247,0
3.325,1.046,0
0.725,0.796,0
1.118,1.044,0
2.500,0.700,0
2.000,1.178,0
0.682,0.509,0
1.408,0.483,0
1.172,0.937,0
1.355,0.939,0
2.080,0.311,0
1.140,1.213,0
1.280,1.196,0
2.866,1.105,0
0.642,0.433,0
1.250,1.252,1
1.830,0.841,0
0.841,1.047,1
1.112,0.621,0
0.816,0.507,0
1.587,0.438,0
1.115,0.460,0
2.113,1.030,0
2.349,0.423,0
1.510,0.459,0
1.245,0.761,0
1.664,0.555,0
1.518,0.214,0
0.852,0.450,0
2.403,0.526,0
1.638,1.506,0
2.114,0.910,0
0.797,0.375,0
2.200,0.355,0
3.842,0.500,0
1.954,0.720,0
0.766,0.421,0
1.503,0.805,0
1.439,0.302,0
1.631,0.760,0
1.329,1.203,0
1.850,0.155,0
1.197,0.628,0
1.640,0.730,0
1.081,0.810,0
1.545,0.673,0
2.320,0.616,0
1.182,0.742,0
1.999,0.676,0
0.987,0.669,0
1.247,1.476,0
1.326,1.101,1
2.600,1.043,0
1.043,0.455,0
2.566,0.492,0
0.759,1.120,0
1.374,0.365,0
2.234,1.097,0
2.024,0.311,0
0.933,1.977,0
0.846,1.234,0
2.198,0.476,0
0.832,0.499,0
1.920,0.215,0
1.164,0.621,0
1.467,1.201,0
4.223,0.882,0
2.983,0.555,0
2.160,1.896,1
0.789,0.856,0
1.705,0.794,0
1.510,0.545,0
1.408,0.869,0
2.707,2.569,1
0.675,0.810,0
1.703,0.263,0
1.561,0.716,1
1.047,1.764,1
3.232,1.201,0
0.828,0.485,0
1.492,0.768,1
1.528,0.291,0
0.543,0.896,0
0.768,0.400,0
0.947,0.481,0
2.108,0.472,0
2.264,0.436,0
1.930,1.571,0
1.642,1.399,1
0.541,0.547,0
1.624,0.671,0
1.165,1.562,0
2.508,0.547,0
2.716,0.503,0
4.076,0.406,0
2.032,1.462,0
2.133,0.696,0
0.920,0.641,0
1.525,0.509,0
0.838,0.393,0
2.213,1.059,0
0.854,0.422,0
1.334,0.483,0
1.012,0.261,0
1.187,0.355,0
1.811,0.484,0
1.137,0.491,0
1.625,0.284,0
0.930,0.459,0
2.778,0.591,0
1.095,0.158,0
2.331,0.866,0
3.895,0.548,0
0.483,0.311,0
0.934,0.549,0
1.337,0.803,0
2.505,0.632,0
1.177,0.648,0
1.746,0.638,0
1.052,0.896,1
1.898,0.307,0
0.843,0.463,0
2.151,0.777,0
0.374,0.642,0
0.619,0.360,0
3.370,0.545,0
1.587,0.437,0
0.974,0.640,0
4.018,0.262,0
2.372,0.267,0
2.458,0.293,0
1.209,0.589,0
1.949,2.354,1
1.849,1.065,0
0.686,1.211,1
1.924,0.635,0
1.347,1.473,0
2.643,0.763,0
2.667,0.655,0
1.092,1.125,0
1.111,0.331,0
1.600,0.197,0
1.979,0.335,0
1.213,1.334,0
1.390,1.018,0
1.939,0.697,0
1.779,0.556,0
2.498,0.576,0
1.634,0.776,1
0.975,0.398,0
0.652,0.951,0
2.125,0.376,0
1.256,1.291,0
1.248,0.527,0
1.281,0.385,0
0.711,0.541,0
1.223,0.384,0
0.442,0.587,1
1.216,0.241,0
0.969,0.485,0
3.408,0.656,0
1.797,0.773,0
1.326,0.512,0
1.577,1.201,0
2.047,0.255,0
1.032,0.560,0
1.316,0.486,0
1.242,0.626,0
4.595,0.547,0
1.512,1.316,0
0.591,0.628,0
2.111,0.383,0
4.819,2.376,0
0.941,0.642,0
6.000,0.577,0
1.420,1.009,0
2.320,0.457,0
1.127,0.557,0
1.290,0.997,0
0.828,0.334,0
0.897,0.493,0
0.543,1.039,0
2.479,1.643,0
0.859,0.602,0
1.734,0.594,1
1.701,1.125,0
1.082,0.285,0
1.493,0.433,0
1.398,0.411,0
1.161,0.209,0
1.494,0.133,0
1.494,0.505,0
0.910,1.022,0
0.801,0.897,0
0.985,1.236,0
1.543,0.146,0
2.769,0.581,0
2.883,1.283,0
1.687,0.395,0
2.263,0.313,0
1.544,0.757,0
2.434,0.633,0
1.547,0.884,0
1.750,0.627,0
1.278,1.223,0
1.454,0.912,0
3.518,0.721,0
0.836,0.514,0
1.459,0.918,0
1.107,0.441,0
2.276,1.052,0
3.386,1.166,0
1.260,1.045,1
0.402,0.318,0
1.939,0.798,0
1.939,0.768,0
0.666,1.006,0
1.301,0.273,0
1.411,0.457,0
0.497,0.605,0
1.993,1.332,1
1.786,0.458,0
1.627,1.019,0
0.888,0.682,0
1.045,1.780,0
1.083,0.751,0
1.818,0.266,0
0.920,0.544,0
2.876,0.724,0
1.734,1.247,0
0.527,0.901,0
3.187,0.543,0
1.565,0.320,0
1.124,0.643,0
1.524,0.592,0
0.620,1.292,0
1.587,1.041,0
0.461,0.297,0
0.901,0.182,0
2.733,0.506,0
2.617,0.731,0
1.238,0.375,0
0.924,0.478,0
2.244,1.198,0
1.417,0.940,1
1.602,0.250,0
1.944,0.762,0
0.877,0.689,0
2.101,0.567,0
0.539,0.857,0
2.874,0.867,0
0.695,2.413,1
1.080,0.716,0
1.059,0.427,0
2.037,0.484,0
2.054,0.932,0
1.713,1.793,1
1.867,0.878,0
1.803,0.846,0
1.399,0.732,0
0.591,0.498,0
0.491,0.660,0
0.492,0.330,0
1.414,0.948,0
1.300,0.818,0
1.354,0.700,0
1.606,0.399,0
1.294,0.551,0
0.904,0.466,0
0.714,0.747,0
0.593,0.544,1
2.555,0.771,0
2.210,1.048,0
0.765,1.257,0
1.269,0.366,1
1.775,0.530,0
3.050,0.352,0
1.087,1.244,0
1.566,0.402,0
2.483,1.314,0
0.638,0.485,1
1.022,1.105,0
1.415,0.474,0
1.027,0.563,0
3.889,0.680,0
2.166,0.667,0
1.580,0.587,0
0.917,0.911,1
2.165,1.212,0
1.939,1.012,0
1.130,0.491,1
1.174,0.234,0
0.724,0.676,0
1.388,0.138,0
2.162,0.914,0
2.304,0.889,0
1.890,0.331,0
2.120,0.871,0
1.091,0.446,0
1.153,1.259,0
2.533,0.421,0
1.778,0.406,0
0.990,0.447,0
1.820,0.724,0
2.124,0.364,0
2.004,2.145,0
1.512,0.521,0
1.128,1.636,1
1.734,0.546,0
3.186,0.537,0
1.540,0.435,0
1.050,0.423,0
1.685,0.806,0
0.805,1.214,1
1.600,0.675,0
1.248,0.394,0
2.251,0.714,0
1.507,0.416,0
2.350,0.150,0
4.225,0.681,0
1.296,0.249,0
0.970,0.453,0
1.781,0.655,0
1.377,0.513,0
1.534,0.553,0
1.082,1.466,1
1.862,1.066,0
1.482,1.441,1
0.521,0.714,0
1.284,0.720,0
1.677,1.649,0
2.491,0.455,0
1.094,0.762,0
0.985,0.684,0
2.457,0.746,0
1.078,0.878,0
1.506,0.679,0
1.789,0.985,0
2.025,0.404,0
1.439,0.832,0
0.852,0.363,1
2.301,1.136,0
1.170,1.078,0
1.123,0.569,0
3.665,0.484,0
2.162,0.626,0
0.873,0.855,0
1.144,0.282,0
1.277,0.370,0
1.009,1.050,0
0.584,0.565,0
2.085,0.318,0
2.059,0.192,0
1.606,0.499,0
1.187,0.247,0
1.582,0.677,0
1.930,0.605,0
0.880,1.692,1
1.226,0.323,0
1.103,0.887,0
1.983,0.332,0
1.618,0.362,0
0.781,0.564,0
1.073,0.400,0
3.266,1.669,0
0.910,0.611,0
1.536,0.420,0
1.067,2.167,1
2.561,0.410,0
1.389,0.514,0
1.167,0.560,0
0.827,0.413,0
1.276,0.865,0
2.105,1.185,0
1.957,0.314,0
0.771,0.482,0
2.960,0.511,0
1.274,0.295,0
0.875,0.308,0
1.517,0.511,0
1.069,0.385,0
1.091,0.736,0
1.064,0.964,1
1.370,0.687,0
1.131,0.724,0
0.644,0.380,0
1.821,0.451,0
1.120,0.764,0
2.492,0.842,0
1.832,0.592,0
1.902,0.829,0
1.553,0.543,0
2.609,0.333,0
1.225,0.731,0
0.898,0.495,0
1.675,0.250,0
0.402,0.969,0
1.201,0.760,1
1.576,0.912,0
1.175,0.482,0
2.560,1.363,0
1.976,0.799,0
1.503,1.041,0
1.183,0.438,0
2.373,0.525,0
1.040,1.225,0
1.175,0.611,0
2.017,0.627,0
1.880,1.367,1
3.672,1.145,0
1.288,0.700,0
0.594,1.706,0
1.936,0.282,1
2.556,0.599,0
1.319,0.463,0
2.940,1.355,0
3.259,1.433,0
1.045,0.482,0
1.139,0.671,0
0.796,1.022,0
1.832,0.820,0
1.988,0.716,0
1.886,1.055,0
0.802,1.742,0
0.998,0.664,0
0.732,0.348,0
0.673,0.589,0
0.761,0.611,0
0.682,0.511,0
1.307,0.903,1
1.731,0.919,0
1.901,1.007,0
1.408,0.803,0
1.041,0.717,0
1.415,0.364,0
1.852,0.522,0
1.239,0.397,0
1.456,0.740,0
1.233,0.587,1
1.114,0.612,0
1.443,0.824,0
0.846,0.535,0
2.314,1.095,0
0.688,1.084,0
1.759,0.381,0
0.755,1.244,1
2.861,0.523,0
2.125,0.427,0
0.974,0.530,0
1.153,0.321,0
0.841,0.747,0
1.382,1.176,0
1.718,0.282,0
4.640,0.781,0
0.754,0.848,0
2.522,0.883,0
1.084,0.876,0
1.613,0.785,0
2.133,0.490,0
1.825,0.997,0
1.726,0.744,0
1.295,0.949,0
1.414,0.736,0
1.523,0.545,0
2.472,0.610,0
0.719,0.860,0
1.130,1.077,0
0.797,0.230,0
0.908,0.320,0
0.981,0.266,0
2.359,0.473,0
3.829,0.440,0
2.657,0.693,0
0.820,0.533,0
1.469,1.254,0
0.839,0.452,0
1.744,0.430,0
2.556,0.406,0
1.862,0.533,0
2.123,0.679,0
1.325,0.484,0
0.570,0.384,0
0.567,0.305,0
1.356,0.686,0
1.851,0.468,0
2.554,0.372,0
1.208,0.541,0
1.469,0.741,0
1.597,1.818,0
2.320,1.457,0
1.374,0.391,0
0.855,0.492,0
2.341,0.224,0
1.716,0.223,0
1.693,0.237,0
0.788,1.001,1
1.414,0.574,0
0.641,0.288,0
0.561,0.437,1
1.271,0.477,0
1.160,0.439,0
1.845,1.337,1
2.763,0.226,0
1.396,0.489,0
3.243,0.705,0
1.081,0.797,0
2.019,0.199,0
0.790,0.683,0
1.504,0.321,0
1.226,0.458,0
1.288,0.270,0
1.863,0.928,0
0.594,3.164,1
1.497,1.054,0
0.975,0.531,0
1.498,0.248,0
1.701,0.979,0
1.195,1.162,0
1.195,0.349,0
0.833,1.017,0
1.828,0.243,0
1.040,0.318,0
1.742,0.670,0
0.734,0.299,0
2.669,0.923,0
0.885,1.314,0
2.421,0.643,0
1.154,0.806,0
1.825,1.441,0
1.328,0.818,0
1.942,1.239,0
1.422,1.325,0
2.550,0.361,0
1.935,1.972,1
1.943,1.166,0
3.067,0.681,0
1.028,0.969,1
2.588,0.744,0
1.466,0.711,0
0.717,0.374,0
1.769,0.511,0
1.291,0.531,0
3.092,1.117,0
1.131,0.813,0
1.452,0.783,0
1.581,0.596,0
0.589,1.226,1
1.794,0.176,0
0.897,0.394,0
2.717,1.043,0
3.061,0.511,0
1.413,0.888,0
0.683,1.454,0
1.543,0.965,0
1.539,0.293,0
1.979,0.563,0
1.238,0.347,0
0.819,0.813,0
1.329,1.092,0
0.926,0.560,0
3.215,0.830,0
1.024,0.572,0
1.050,1.735,1
1.389,0.680,1
0.801,0.717,0
1.155,0.854,1
1.333,1.104,0
1.133,0.914,0
1.264,0.627,0
2.516,0.655,0
1.733,0.830,1
0.765,0.866,0
1.164,0.523,0
2.002,0.471,0
1.051,0.563,0
1.474,0.811,0
1.400,0.504,0
1.811,0.362,0
1.306,0.535,0
1.330,0.493,0
0.955,0.875,0
1.675,0.487,0
0.925,0.515,0
3.157,1.697,0
1.406,0.805,0
1.280,0.393,0
2.041,1.195,0
1.365,0.527,0
1.478,0.417,0
1.385,0.895,1
1.016,0.305,0
0.928,0.617,0
1.028,0.856,1
2.391,0.942,0
1.062,0.485,0
1.177,0.492,0
1.154,0.611,0
1.958,1.202,0
3.537,0.250,0
0.927,0.979,0
1.827,0.747,0
1.499,1.304,0
1.234,0.356,0
1.791,1.166,0
0.790,0.406,0
2.083,0.747,0
1.571,0.521,0
0.896,0.177,0
2.958,0.620,0
2.100,0.785,0
2.424,1.003,0
0.726,0.460,1
1.252,0.348,0
1.115,0.925,0
1.894,0.531,0
2.649,1.104,0
0.590,1.346,0
1.432,0.567,0
1.339,0.586,0
2.248,0.439,0
1.393,0.222,0
0.790,0.638,0
1.298,0.936,0
0.881,1.115,0
0.992,0.634,0
1.447,1.683,0
1.137,0.487,0
1.614,0.633,1
0.706,0.483,1
4.130,0.509,0
2.536,0.555,0
1.974,0.448,0
0.783,0.515,0
0.526,0.744,0
0.954,0.680,0
1.275,0.372,0
3.962,0.837,0
2.589,0.419,0
1.114,0.815,0
2.474,0.667,0
2.492,0.235,0
1.429,0.374,0
2.484,1.055,0
1.652,0.459,0
1.050,0.456,0
0.826,0.512,0
1.341,0.682,0
2.246,0.868,0
0.761,0.551,0
0.676,1.554,1
1.828,0.477,0
0.406,0.504,0
3.282,0.584,0
1.159,0.702,0
1.988,1.382,0
3.339,2.198,0
0.728,0.538,0
0.875,0.589,0
3.981,0.896,0
1.245,0.604,0
1.338,1.010,0
1.575,0.369,0
2.308,1.006,0
2.611,0.205,0
1.493,0.848,0
1.216,0.914,0
1.395,2.370,1
1.632,0.399,0
2.592,0.926,0
1.510,0.904,0
3.279,0.392,0
0.956,0.736,0
1.813,0.412,0
3.183,0.349,0
2.567,0.291,0
1.654,0.572,0
0.945,0.369,0
1.023,0.215,0
1.320,0.746,0
1.637,0.260,0
1.265,0.924,0
0.726,0.728,0
1.010,0.415,0
1.801,0.278,0
2.084,0.396,0
0.745,0.314,0
1.200,0.524,0
0.657,0.527,0
1.095,2.359,1
6.000,0.211,0
1.461,0.467,0
1.211,0.858,0
1.082,1.101,0
0.813,1.300,1
0.603,0.380,0
1.392,0.978,0
1.250,0.139,0
2.801,0.567,0
0.668,1.005,0
1.734,0.931,0
2.631,0.302,0
0.577,0.411,0
1.921,0.203,0
0.676,0.429,0
1.805,0.306,0
2.798,0.737,0
1.417,0.426,0
1.619,0.876,0
1.031,0.600,0
1.621,0.533,1
2.389,1.631,0
1.305,1.187,1
1.331,0.315,0
1.698,1.332,0
2.073,0.956,0
0.668,1.293,0
1.459,0.810,0
1.036,0.244,0
1.784,0.521,0
2.287,0.174,0
1.638,0.301,0
2.572,0.438,0
0.900,1.255,1
1.176,0.650,0
0.900,0.715,0
1.459,0.944,0
1.484,0.392,0
1.296,1.149,1
0.812,0.716,1
1.370,0.380,0
1.161,0.468,0
1.875,0.558,0
1.254,0.880,0
2.425,1.363,0
1.579,0.539,0
0.604,0.564,0
1.311,1.668,0
0.735,3.523,1
2.217,1.671,1
2.747,0.705,0
1.402,0.524,0
1.741,0.917,0
0.730,0.748,0
0.504,0.415,0
1.100,1.318,0
1.262,2.481,1
0.707,0.404,0
1.481,0.416,0
1.640,0.484,0
1.909,0.322,0
2.898,0.984,0
2.062,0.293,0
1.200,0.909,0
1.491,0.786,0
1.873,0.950,0
0.878,0.286,0
2.617,0.688,0
2.151,0.737,0
1.280,1.024,0
1.059,0.778,0
6.000,0.465,0
2.092,1.176,1
2.190,1.341,0
3.252,1.318,1
2.233,0.425,0
1.566,0.845,0
1.965,0.389,0
0.933,0.580,0
1.976,0.955,0
0.700,0.293,0
1.728,2.850,1
1.838,1.232,0
0.694,0.420,0
3.444,0.468,0
0.838,0.611,0
2.304,0.589,0
1.116,0.331,0
1.644,0.592,0
1.052,0.276,0
4.490,0.455,0
2.292,1.676,0
3.282,0.614,0
2.046,0.516,0
1.967,1.489,0
1.530,0.756,0
1.279,0.892,0
1.891,0.467,0
1.539,1.152,0
1.333,0.532,0
0.758,1.022,0
1.242,0.901,0
1.891,1.623,0
1.152,1.091,1
1.680,0.630,0
1.341,0.358,0
0.890,0.540,0
0.944,0.437,0
1.018,1.460,0
1.253,0.500,1
1.270,0.183,0
2.401,0.783,0
0.869,0.990,0
0.558,0.387,0
1.967,0.939,0
1.162,0.310,0
1.358,0.726,0
4.650,0.583,0
2.819,0.754,0
1.883,0.800,0
2.221,0.441,0
1.517,0.986,0
2.235,0.484,0
1.083,0.678,0
1.034,1.378,1
1.158,0.385,0
2.978,0.662,0
2.947,1.520,0
1.087,1.263,0
2.457,0.439,0
1.336,0.454,0
2.361,0.857,0
1.242,0.445,0
2.237,0.662,0
1.367,0.302,0
1.261,0.899,0
1.425,0.265,0
1.549,0.684,0
1.101,0.932,0
0.766,0.441,0
3.149,0.270,0
1.201,0.318,0
0.622,0.223,0
0.505,1.690,1
0.395,0.222,0
1.086,0.314,0
2.700,0.760,0
0.678,0.653,1
1.243,1.115,0
0.617,1.305,0
2.401,0.813,0
1.708,0.614,0
1.675,0.467,0
2.694,0.575,0
3.088,1.067,0
2.324,0.888,0
1.105,0.895,1
0.782,0.254,0
0.891,0.418,0
0.642,0.436,0
3.329,0.472,0
1.322,0.356,0
1.533,0.923,0
1.582,1.136,0
3.676,1.722,0
1.113,0.477,0
2.497,0.601,0
1.663,0.669,0
1.347,0.633,0
0.595,0.401,0
2.212,0.985,0
1.024,0.210,0
1.169,0.488,0
1.605,0.224,0
1.511,0.898,0
2.433,0.296,0
1.060,0.337,0
1.560,0.631,0
1.645,0.359,0
1.464,0.729,0
1.982,0.514,0
1.286,1.868,1
2.528,0.325,0
1.041,0.406,0
0.743,0.870,0
1.419,0.679,1
2.500,0.813,0
1.139,0.542,0
1.082,1.072,0
1.232,0.770,0
1.561,1.316,1
1.334,0.302,0
1.671,0.732,0
0.653,0.563,0
2.896,0.793,0
1.895,0.379,0
0.971,0.994,0
2.732,0.306,0
1.782,1.037,0
2.861,0.861,0
0.839,0.236,0
3.120,0.793,0
1.478,0.219,0
0.558,0.869,0
2.051,0.263,0
1.258,0.613,1
0.905,0.549,0
1.309,0.260,0
0.588,0.229,0
1.896,0.839,0
1.309,0.488,0
1.276,1.160,0
2.786,0.621,0
1.470,2.907,1
1.065,0.702,0
0.931,1.687,0
1.406,0.774,0
2.369,0.669,0
1.105,0.860,0
0.894,0.421,0
2.218,0.448,0
1.487,1.592,1
1.430,0.576,0
3.802,0.339,0
0.824,0.849,0
1.586,0.404,0
0.635,0.670,0
1.259,1.201,0
1.899,1.311,0
2.437,1.756,1
0.803,1.228,0
2.130,0.925,0
2.079,0.872,0
1.366,0.761,0
4.524,0.633,0
1.447,2.266,0
0.962,0.620,0
1.761,1.631,0
0.610,0.607,0
2.980,1.267,0
2.286,0.135,0
1.202,0.707,0
1.922,0.461,0
1.854,1.551,0
3.544,1.493,0
1.087,0.462,0
0.795,0.626,0
0.563,1.090,0
1.261,0.774,0
0.699,0.692,0
1.334,1.126,1
1.749,0.319,0
1.178,1.603,0
0.933,0.845,0
2.512,0.135,0
1.318,0.399,0
1.610,0.633,0
2.247,2.322,1
0.790,0.661,0
0.943,0.290,0
4.600,1.413,0
1.344,0.831,0
0.892,0.666,1
1.285,1.193,0
1.108,0.541,0
0.818,0.630,1
1.196,1.168,0
1.432,0.858,0
1.436,1.152,0
1.855,0.550,0
0.648,1.709,0
0.723,0.308,0
2.084,0.317,0
1.177,0.893,0
2.540,0.571,0
1.664,0.758,0
0.752,0.693,0
1.853,0.624,0
0.905,0.378,0
1.630,0.805,0
2.555,1.401,0
3.846,0.429,0
1.400,1.932,0
1.997,1.618,1
1.661,0.428,0
2.085,1.064,0
0.444,0.373,0
1.208,0.637,0
1.654,0.374,0
1.797,0.509,0
1.020,0.246,0
2.118,0.627,0
2.409,0.384,0
1.493,0.418,0
1.302,0.231,1
1.226,0.698,0
1.542,1.948,1
2.496,0.559,0
2.893,0.628,0
1.163,0.365,0
0.940,0.527,1
1.002,0.426,0
2.280,0.289,0
1.602,0.418,0
1.660,0.513,0
1.807,0.809,0
1.720,0.565,0
1.366,0.794,0
0.894,1.387,0
1.087,1.131,0
1.530,0.539,0
1.734,0.256,0
1.219,0.611,0
1.193,0.709,0
2.720,1.172,0
1.166,0.731,0
1.602,3.135,1
1.248,0.566,0
0.973,0.972,0
0.718,0.408,0
1.128,0.388,1
0.990,0.573,0
2.138,0.754,0
0.851,0.985,0
1.195,0.119,0
1.956,1.250,1
1.373,1.534,0
1.817,1.417,0
2.125,1.074,0
0.673,0.628,0
1.196,0.913,0
0.929,1.365,0
2.691,0.393,0
1.370,0.970,1
1.817,0.886,0
3.160,0.621,0
1.228,1.798,1
1.496,0.457,0
1.745,0.390,0
1.279,0.652,0
2.575,0.473,0
2.105,1.397,0
2.291,0.268,0
1.478,0.324,0
1.235,0.792,0
1.228,1.005,0
1.223,0.347,0
0.680,1.362,0
1.707,0.232,0
2.099,1.172,0
1.439,0.407,0
1.151,0.512,0
1.470,1.786,0
1.602,0.641,0
1.679,0.465,0
3.294,0.756,0
0.976,1.871,1
1.707,0.687,0
1.982,0.433,0
1.497,0.741,1
1.298,0.334,0
0.904,0.452,0
1.101,0.483,0
1.995,0.941,0
2.807,0.504,0
1.070,0.859,0
1.792,1.241,0
1.832,1.568,0
2.290,0.260,0
1.615,0.639,0
1.768,0.349,0
2.173,0.935,1
0.849,0.755,0
1.475,0.654,0
0.645,0.491,0
0.587,0.387,0
0.992,0.259,0
0.715,1.117,0
1.819,0.589,0
2.271,0.668,0
1.256,0.783,0
1.355,1.014,0
1.298,1.849,1
1.281,0.595,0
1.535,0.940,0
1.693,0.267,0
1.169,0.529,0
1.009,0.445,0
1.139,0.465,0
2.077,1.239,0
1.192,0.696,0
2.789,0.680,0
1.292,0.685,0
2.685,0.580,0
0.839,0.581,0
1.052,0.460,0
1.792,0.489,0
1.800,0.519,0
1.343,0.594,0
3.639,0.235,0
1.490,0.680,0
1.644,0.642,0
1.113,0.823,0
3.056,0.356,0
2.126,0.393,0
1.738,1.015,0
0.686,0.442,0
1.699,0.851,0
1.167,0.453,0
1.722,0.340,0
2.180,0.295,0
1.027,0.469,0
1.590,0.506,0
2.145,0.335,0
1.551,1.421,0
1.242,0.662,0
0.892,0.403,0
1.064,1.479,0
0.811,1.027,0
2.252,0.433,0
1.510,0.374,0
0.831,0.592,0
1.437,0.974,0
0.804,0.305,0
0.326,1.227,0
2.486,0.531,0
2.445,1.033,0
0.739,0.607,0
1.041,0.855,0
1.580,0.930,0
1.211,1.326,0
0.978,0.445,0
1.141,1.842,1
1.291,0.328,0
1.121,0.779,0
1.583,0.950,0
1.296,0.667,0
1.021,1.066,0
1.455,0.273,0
0.680,0.642,0
2.762,1.133,0
0.656,0.663,0
1.385,0.361,0
1.677,0.718,0
1.734,0.730,0
1.618,0.385,0
2.543,1.354,0
0.866,0.492,0
1.394,0.377,0
1.536,0.699,0
1.150,0.463,0
1.100,0.595,0
2.568,0.750,0
1.043,0.527,0
1.158,0.910,1
1.269,0.775,0
1.306,1.277,0
1.546,0.384,0
1.309,0.685,0
1.700,0.760,0
1.527,0.772,0
1.783,0.211,0
2.660,0.371,0
0.982,0.789,0
3.017,0.902,0
1.173,0.673,0
1.937,0.731,0
1.543,1.285,0
1.256,0.547,0
0.594,0.437,0
2.962,1.490,0
1.021,0.923,0
1.007,0.606,0
2.313,0.450,0
1.484,1.582,0
3.371,0.571,0
3.054,0.427,0
1.972,1.319,0
1.606,0.298,0
2.020,0.611,0
0.794,0.931,0
1.549,0.568,0
1.532,0.501,0
1.161,0.840,0
1.607,0.343,0
0.745,0.590,0
2.149,0.979,0
2.554,0.366,0
0.802,1.404,1
1.530,0.592,0
2.866,0.636,0
1.729,0.512,0
0.903,0.906,0
0.921,0.512,0
2.100,0.749,0
3.258,1.310,0
0.881,1.306,0
1.457,0.291,0
1.012,1.375,1
1.261,0.508,0
1.645,0.781,0
1.406,0.701,0
1.054,0.771,0
3.672,0.478,0
1.334,0.909,0
1.320,1.147,0
2.352,0.485,0
1.440,0.656,1
1.308,1.029,0
2.189,1.185,0
0.902,0.793,0
2.000,0.766,0
2.269,0.860,0
1.925,0.552,0
1.322,0.794,0
1.427,0.570,0
0.665,0.549,1
1.351,0.185,0
1.629,0.250,0
2.109,0.808,0
1.525,0.988,0
1.203,0.842,0
0.985,0.698,0
1.403,0.561,0
1.520,0.896,0
2.455,0.531,0
1.437,0.658,0
1.145,1.483,1
1.365,0.311,0
1.154,0.477,0
1.289,0.577,0
0.535,0.233,0
0.704,0.346,0
0.841,1.168,0
1.761,0.869,0
1.382,0.610,0
1.528,1.333,1
2.401,0.385,0
0.899,1.850,1
2.380,0.634,0
1.698,0.474,0
1.041,1.182,0
2.776,0.871,0
0.758,0.731,0
0.866,0.615,0
1.304,0.246,0
1.713,0.213,0
1.314,0.654,0
0.553,1.101,0
1.252,0.426,0
1.378,0.687,0
4.436,0.280,0
2.635,0.291,0
1.511,0.633,0
0.880,0.952,1
1.665,0.975,0
0.851,1.250,1
1.565,0.424,0
1.683,0.596,0
1.196,0.996,1
1.598,0.374,0
1.235,0.551,0
1.109,0.650,0
2.828,0.644,0
1.851,1.046,0
1.247,0.818,0
1.017,0.512,0
1.547,0.185,0
1.839,0.998,0
2.087,1.114,0
2.751,0.856,0
1.755,0.787,0
0.869,0.826,1
3.522,1.250,0
2.393,0.492,0
2.068,0.626,0
2.588,0.378,0
0.738,0.576,0
1.211,0.415,0
1.138,0.416,0
2.424,0.221,0
0.846,0.614,0
1.238,1.119,0
2.803,0.127,0
1.905,1.287,1
1.204,0.633,1
3.292,0.446,0
0.792,0.761,0
1.746,0.563,0
1.291,0.617,0
1.791,1.389,0
1.263,0.705,0
0.985,0.784,0
1.570,0.557,0
0.796,0.585,0
1.807,0.393,0
1.239,0.601,0
2.150,0.421,0
1.170,1.192,1
1.059,0.566,0
1.704,0.956,0
2.468,1.291,0
0.569,1.114,0
1.505,0.443,0
1.884,1.585,1
0.760,0.230,0
0.965,1.387,0
1.898,0.163,0
0.989,0.392,0
1.075,0.615,1
3.056,0.435,0
0.939,0.204,0
0.972,0.285,0
0.511,0.733,0
0.877,0.253,0
0.826,0.901,0
3.051,1.190,0
2.446,1.326,0
0.814,0.732,0
3.410,0.623,0
2.006,0.514,0
1.316,2.832,1
2.041,1.227,0
1.688,0.900,0
1.015,0.767,0
0.653,1.154,0
0.952,0.227,0
1.422,1.018,0
1.217,0.468,0
1.026,0.183,0
2.196,1.161,0
0.889,0.422,0
2.116,0.810,0
1.150,0.428,0
1.495,0.514,0
0.867,1.529,0
1.419,0.765,0
1.007,0.791,1
0.657,0.273,0
1.412,1.043,0
1.392,0.450,0
2.057,0.824,0
1.615,0.368,0
0.908,0.780,0
1.085,0.861,0
0.473,0.290,0
0.866,0.759,0
2.532,0.394,0
2.788,1.257,0
1.997,0.781,0
1.628,0.658,0
1.847,3.333,1
1.766,1.006,0
0.659,0.521,0
0.966,1.029,0
2.408,0.747,0
2.403,1.333,0
1.583,0.372,0
1.240,1.858,1
1.200,0.487,0
1.118,0.522,0
0.943,0.431,0
0.605,0.545,0
1.520,1.812,1
1.164,0.709,0
1.294,0.359,0
3.047,0.591,0
1.851,0.734,0
1.041,1.079,0
1.841,0.539,0
0.729,0.713,0
2.270,3.168,1
1.599,0.597,0
1.305,0.684,0
1.834,0.336,0
2.717,1.078,0
1.157,0.499,0
0.917,1.751,1
3.642,1.239,0
1.432,0.996,0
2.765,0.489,0
1.053,0.535,0
1.683,0.522,0
1.069,0.673,0
1.885,0.532,0
1.258,0.480,0
1.056,0.678,1
2.837,0.634,0
1.654,0.523,0
0.576,1.055,1
1.280,1.133,0
0.945,0.475,0
0.826,2.061,1
1.096,0.791,0
1.149,1.252,0
1.443,1.785,0
0.998,0.297,0
0.620,0.846,0
1.119,1.059,0
2.104,1.236,0
0.773,0.989,0
1.873,1.114,0
1.744,0.284,0
1.164,0.383,0
1.631,0.879,0
1.017,0.212,0
1.188,0.478,0
0.901,0.582,0
1.748,0.789,0
2.619,1.051,0
1.049,0.734,0
2.424,0.410,0
0.548,0.382,0
0.956,0.805,0
0.904,0.885,1
3.065,0.790,0
1.090,0.695,0
2.012,0.684,0
0.568,0.302,0
1.494,0.634,0
1.829,0.974,1
1.397,0.349,0
0.420,0.813,0
1.537,0.940,0
2.041,2.295,1
2.564,0.622,0
1.697,0.563,0
0.667,0.334,0
1.293,0.356,0
2.128,0.267,0
0.984,0.243,0
1.828,0.943,0
1.146,0.641,0
1.479,0.761,0
1.994,0.271,0
1.033,0.214,0
5.126,0.245,0
1.519,1.554,0
1.655,1.190,0
1.018,0.310,0
1.459,0.681,0
1.258,0.707,0
0.737,0.378,0
0.714,0.454,0
1.614,1.083,0
1.364,0.951,0
0.436,1.054,1
0.542,0.771,0
1.235,0.689,0
1.376,0.849,0
1.865,0.594,0
0.813,1.626,0
1.852,0.732,0
1.236,0.869,0
1.130,0.619,0
1.332,0.451,0
2.211,0.631,0
1.824,0.543,0
2.117,0.420,0
1.041,1.011,0
1.249,1.926,0
0.841,0.760,0
1.106,0.614,0
1.187,0.440,0
1.151,0.293,0
1.956,0.907,0
1.718,0.889,0
1.997,0.422,0
1.503,0.681,0
2.299,0.410,0
1.494,1.410,0
2.191,0.695,0
1.780,0.830,0
1.976,1.651,0
1.377,0.194,0
0.813,0.816,0
0.741,0.756,0
3.424,0.558,0
1.690,0.662,0
1.732,1.289,0
1.316,0.458,0
1.154,0.461,1
5.167,1.678,0
0.857,1.143,0
1.380,0.856,0
1.387,1.021,0
0.853,0.691,1
0.801,0.562,0
1.034,0.609,0
1.216,0.783,0
1.141,0.514,0
2.046,0.278,0
0.835,0.605,0
1.703,0.770,0
2.748,0.615,0
2.121,0.953,0
0.850,0.776,1
0.376,1.117,0
2.076,0.709,0
1.775,0.604,0
1.090,0.905,0
2.525,1.070,0
1.183,0.522,0
1.490,0.417,0
0.889,1.368,0
1.638,0.499,0
1.169,0.812,0
1.131,0.515,0
2.307,0.747,0
1.563,1.409,0
0.724,1.650,0
1.937,0.327,0
2.068,0.304,0
0.976,0.108,0
1.189,0.913,0
1.454,1.540,1
1.268,0.763,0
1.500,0.566,0
1.901,1.035,0
1.137,0.400,0
3.620,0.946,0
1.030,1.373,0
1.113,1.293,0
3.442,0.971,0
4.150,0.504,0
1.443,0.555,0
1.304,0.404,0
0.876,1.808,1
2.373,1.298,0
1.534,0.641,0
0.970,0.638,0
1.703,0.753,0
2.629,0.463,0
1.932,0.875,0
3.833,0.865,0
2.391,0.835,0
1.730,0.679,0
1.398,0.171,1
1.818,0.595,0
2.454,0.309,0
2.088,0.266,0
2.281,2.214,1
1.569,0.504,0
2.004,0.594,0
2.452,0.559,0
1.317,0.415,0
0.792,1.574,1
3.086,0.243,0
1.845,0.850,0
1.164,0.478,0
1.577,1.303,0
1.270,1.036,0
0.659,0.684,0
1.307,0.292,0
0.748,1.001,0
1.555,1.109,0
1.351,0.934,0
2.363,0.559,0
1.344,0.920,0
1.679,0.430,0
1.241,0.747,0
1.196,0.797,0
0.757,0.576,0
2.216,0.383,0
1.532,0.579,0
1.092,0.406,0
1.559,0.342,0
1.178,1.150,0
1.024,0.600,0
1.588,0.493,0
2.452,0.493,0
1.257,0.823,0
0.747,0.547,0
1.076,0.444,0
3.186,0.753,0
0.985,0.703,0
2.422,0.399,0
1.274,0.364,0
1.980,1.315,0
1.353,0.559,0
0.698,1.248,1
1.179,0.898,0
3.671,0.625,0
1.337,0.571,0
1.830,1.570,1
1.220,0.459,0
1.337,0.526,0
1.641,0.416,0
1.757,0.597,0
3.853,0.391,0
1.409,0.692,0
1.309,0.329,0
1.054,0.861,0
0.786,0.779,0
0.688,0.728,0
1.913,0.468,0
0.614,1.299,0
2.673,1.924,0
2.090,0.604,0
1.244,0.427,0
0.845,0.919,0
1.438,0.578,0
1.435,0.701,0
2.359,0.920,0
1.017,0.311,0
1.199,0.960,0
1.387,0.368,0
1.254,0.329,0
1.073,0.525,0
0.657,1.428,0
0.679,0.460,0
1.048,0.833,1
1.284,0.391,0
2.227,0.908,0
4.017,0.770,0
3.073,1.210,0
1.698,0.713,0
3.309,0.649,0
1.349,0.235,0
1.121,0.768,0
4.025,0.993,0
0.879,0.721,0
1.180,0.714,0
1.263,0.877,0
2.741,1.036,0
1.088,0.398,0
2.020,0.621,0
1.184,0.816,0
0.820,0.742,0
1.581,0.385,0
1.533,0.221,0
0.845,0.769,0
0.963,0.954,0
0.995,1.601,0
2.193,0.812,0
1.750,0.403,0
1.583,0.822,0
1.773,0.607,0
1.148,0.447,0
1.763,0.296,0
1.083,0.240,0
0.781,0.442,0
1.037,0.514,0
1.564,0.667,0
1.481,0.651,0
2.289,0.730,0
0.666,1.817,1
1.289,0.623,0
1.699,1.356,1
0.923,0.423,0
1.592,0.435,0
1.184,0.485,0
0.856,0.243,0
2.357,1.582,0
0.762,0.739,0
2.232,0.953,0
1.181,1.645,1
0.932,0.823,0
0.956,1.559,0
1.022,0.179,0
0.972,1.285,1
1.607,0.759,0
0.614,0.477,0
2.487,1.160,0
2.073,0.654,0
2.658,0.440,0
0.915,0.224,0
0.502,1.695,1
1.075,0.156,0
1.321,0.669,0
1.632,1.533,0
1.128,0.918,0
1.372,0.458,0
1.523,0.556,0
0.710,0.461,0
3.210,0.737,0
0.860,0.617,0
1.604,0.319,0
2.315,0.288,0
1.002,1.197,0
1.427,0.321,0
2.971,0.346,0
1.256,2.281,1
2.281,0.406,0
1.625,0.312,0
1.580,0.376,0
1.969,0.972,1
1.285,0.425,0
1.298,0.592,0
2.198,0.181,0
1.605,0.455,0
1.785,0.649,0
0.833,0.654,0
1.438,1.420,0
2.462,0.839,0
2.139,0.131,0
1.666,0.261,0
1.131,0.390,0
1.084,0.539,0
1.739,0.651,0
2.703,0.893,0
1.456,0.251,0
2.568,0.186,0
1.248,0.975,1
2.452,0.364,0
0.912,0.173,0
1.554,0.373,0
0.884,0.493,0
1.922,0.324,0
1.849,0.330,0
0.932,1.095,1
1.022,0.342,0
1.171,0.742,0
0.732,0.706,0
0.942,0.515,0
0.969,2.293,0
2.031,0.299,0
2.661,2.591,0
1.170,0.371,0
1.255,0.541,0
1.573,0.742,0
1.130,1.154,0
1.261,0.922,0
2.082,0.518,0
1.585,0.519,0
1.375,1.200,1
1.105,1.461,0
2.768,0.469,0
1.084,1.234,0
1.509,0.860,1
0.898,0.725,0
1.094,0.344,0
1.491,0.315,0
1.197,0.800,0
1.816,0.137,0
1.473,0.480,0
0.767,0.798,0
0.506,0.252,0
2.235,1.548,0
1.099,1.576,1
2.778,0.353,0
1.438,0.595,0
1.013,0.590,0
1.836,0.469,0
1.264,0.484,0
1.436,0.826,0
0.941,1.582,0
1.903,0.664,0
2.337,0.672,0
1.128,0.682,0
3.183,0.434,0
1.106,0.895,1
1.597,0.483,0
0.685,0.369,0
0.602,0.909,0
3.672,0.228,0
2.708,0.481,0
2.392,0.511,0
0.666,0.590,0
1.580,0.272,0
1.724,0.377,0
1.480,0.586,0
1.632,0.885,0
0.945,0.597,0
1.328,0.567,0
0.855,0.401,0
1.220,0.643,0
1.687,0.138,0
1.004,0.906,0
1.260,1.080,0
1.176,0.630,0
1.437,0.373,0
2.158,1.322,0
1.587,0.438,0
1.704,1.330,0
0.747,0.549,0
1.212,0.419,0
2.060,0.566,0
0.969,0.437,0
1.174,0.581,0
0.923,0.836,0
2.597,0.553,0
1.164,0.496,0
1.027,0.630,0
1.882,0.789,0
2.337,0.638,0
1.780,0.857,0
2.216,0.876,0
1.567,0.746,0
1.345,0.942,0
1.169,0.642,0
1.134,1.187,1
1.090,0.795,0
1.681,1.007,0
1.354,0.574,0
1.482,0.294,0
1.870,0.500,0
1.390,0.652,0
0.770,0.780,0
0.998,0.626,0
0.861,1.421,0
0.605,0.315,0
1.493,0.244,0
0.831,0.578,0
0.800,0.441,0
0.877,0.649,0
2.108,0.912,0
1.238,2.781,0
2.231,0.312,0
1.367,0.356,0
1.170,0.619,0
1.835,0.287,0
1.861,0.422,0
1.499,1.280,0
0.893,0.618,0
1.159,0.628,0
0.837,1.162,0
1.267,0.253,0
1.484,0.681,0
2.770,0.621,0
2.684,0.738,0
1.928,0.372,0
2.184,0.505,0
1.577,0.604,0
4.944,0.949,0
2.826,0.431,0
4.672,0.889,0
1.688,0.202,0
1.711,0.802,0
2.282,0.969,0
1.547,0.390,0
1.634,0.545,0
0.912,0.637,0
2.169,0.746,0
1.510,1.218,0
2.044,0.707,0
1.286,0.565,0
0.639,0.574,0
1.780,0.738,0
2.399,0.970,0
0.799,0.732,0
0.918,0.475,0
1.240,0.532,0
1.271,0.417,0
0.661,0.400,0
3.128,0.491,0
2.237,0.468,0
1.076,0.963,0
0.628,0.336,0
1.671,0.663,0
3.465,0.340,0
2.060,0.976,0
2.386,0.750,0
0.929,1.254,1
1.576,0.854,0
0.723,0.369,0
3.457,0.651,0
1.834,0.456,0
0.550,0.482,0
0.618,0.369,0
1.761,0.541,0
1.510,0.670,0
1.234,0.714,0
1.872,2.402,0
3.502,0.585,0
1.673,0.668,0
0.630,0.608,0
1.321,0.557,0
0.786,0.543,0
0.988,0.657,0
1.642,0.574,0
1.313,0.943,0
0.878,0.801,0
1.400,0.399,0
0.981,0.639,0
1.797,0.752,0
1.269,0.552,0
1.688,0.565,0
1.255,0.607,0
1.981,0.883,0
1.331,0.701,0
1.406,0.479,0
1.097,0.623,0
1.507,1.229,0
0.637,0.385,0
4.693,0.904,0
1.040,0.560,0
1.477,4.000,1
1.141,0.891,0
1.134,0.657,0
1.693,0.603,0
1.122,0.286,0
1.165,0.487,0
0.759,1.845,0
0.932,0.773,0
0.834,0.549,0
3.175,0.636,0
0.774,0.654,0
0.871,0.387,0
1.539,0.676,0
2.682,0.836,0
0.658,0.293,0
0.703,0.563,0
1.492,0.151,0
1.641,0.263,0
0.746,0.992,0
0.627,1.221,1
0.915,1.701,0
1.972,0.324,0
1.382,0.611,0
1.970,0.536,0
1.342,1.120,0
1.388,0.758,0
1.856,0.668,0
1.335,0.878,0
1.565,0.504,0
0.934,1.067,0
1.074,0.535,0
1.738,1.141,0
1.263,0.705,0
1.005,0.723,0
1.891,0.352,0
1.799,0.285,0
1.402,0.281,0
1.000,0.828,0
2.106,0.207,0
4.325,1.310,0
0.971,0.540,0
0.703,0.316,0
0.990,0.767,0
0.924,0.334,0
0.796,0.653,0
0.825,0.556,0
2.058,1.198,0
2.069,1.024,0
2.735,1.045,0
1.966,0.502,0
1.133,1.230,0
2.288,0.616,0
1.067,0.680,0
1.201,0.806,0
0.828,0.738,0
2.438,0.318,0
2.212,0.896,0
1.139,0.279,0
1.220,0.817,0
1.426,0.616,0
1.536,0.665,0
2.052,0.361,0
1.445,1.077,0
1.680,0.591,0
0.714,0.996,0
1.224,0.436,0
0.626,0.439,0
3.127,0.662,0
2.626,1.094,0
1.934,0.321,0
2.310,0.472,0
3.453,0.491,0
2.138,0.555,0
0.684,0.503,0
1.277,1.122,0
0.486,0.926,0
0.971,0.647,0
0.800,0.993,1
1.395,1.095,0
1.668,0.463,0
0.922,0.437,0
1.232,0.918,0
1.587,1.940,0
1.304,0.185,0
1.291,0.462,0
0.474,0.962,0
1.147,0.419,0
1.997,1.007,0
1.570,0.719,0
0.717,0.332,0
1.236,0.502,1
1.575,0.777,0
0.901,0.400,0
1.892,0.869,0
0.974,0.752,0
1.203,0.545,1
1.330,0.784,0
3.803,0.529,0
1.209,0.717,0
1.080,0.379,0
1.927,1.340,0
1.129,0.556,0
1.523,1.174,0
0.506,1.963,1
1.596,1.461,0
1.384,0.633,0
0.781,0.694,0
2.570,0.625,0
1.254,0.752,0
1.278,0.415,0
0.773,0.248,0
0.672,0.757,1
1.081,0.655,0
0.703,1.429,0
1.740,1.651,0
2.063,0.312,0
1.049,0.393,0
0.676,0.960,0
1.168,1.186,0
0.866,0.683,0
1.504,0.660,0
1.512,0.243,0
1.151,2.125,1
1.441,0.443,0
2.227,0.860,0
3.001,0.766,0
1.102,0.400,0
1.929,1.002,0
1.253,1.377,0
0.866,0.624,0
2.481,0.690,0
1.663,0.904,0
1.485,1.071,0
1.635,1.007,0
1.295,0.401,0
0.868,0.392,0
3.097,0.479,0
2.088,0.155,0
1.568,0.319,0
2.151,0.578,0
2.484,0.451,0
1.273,0.411,0
1.814,1.017,0
1.204,0.763,0
1.862,0.985,0
1.242,0.585,0
4.165,0.514,0
1.186,0.406,0
1.757,0.727,0
1.716,0.247,0
1.198,0.404,0
2.123,0.870,0
1.341,0.999,0
1.157,0.618,0
1.394,0.349,0
0.993,0.862,0
2.386,0.434,0
1.845,0.599,0
2.167,0.384,0
0.758,1.662,1
1.573,1.399,0
0.985,0.410,0
1.448,0.346,0
2.471,0.622,0
1.563,0.888,0
1.287,1.233,0
2.305,0.620,0
2.195,0.333,0
3.200,0.746,0
0.603,0.734,0
1.614,0.277,0
1.155,0.557,0
0.940,0.546,0
1.467,0.382,0
0.825,0.718,0
0.510,1.110,1
0.928,1.086,0
1.238,0.400,0
3.226,0.469,0
1.007,0.918,0
0.823,0.536,0
0.572,0.531,0
1.189,2.030,1
1.250,0.166,0
1.489,0.453,0
0.727,0.411,0
0.989,0.621,0
0.502,1.565,1
1.502,0.592,0
0.687,0.550,0
0.405,0.693,0
2.348,0.544,0
1.749,0.779,0
1.632,2.425,1
1.631,0.444,1
0.874,0.573,1
2.258,0.614,0
0.869,0.211,0
3.293,0.876,0
1.542,0.617,0
0.608,0.228,0
2.060,0.554,0
3.386,0.695,0
1.242,0.399,0
2.251,1.129,0
1.267,0.467,0
1.051,0.291,0
0.436,0.972,1
2.431,0.594,0
1.141,0.686,0
1.654,0.273,0
0.837,0.309,0
0.926,0.375,0
2.305,0.588,0
1.172,0.594,0
1.164,1.316,0
0.791,1.430,0
1.532,0.683,0
1.980,0.606,0
1.133,1.728,0
1.282,0.657,0
0.805,1.084,1
2.623,0.494,0
1.056,0.604,0
1.301,0.551,0
2.979,0.443,0
1.260,0.776,0
0.693,0.413,0
0.919,0.602,0
1.187,0.792,1
3.119,1.930,0
1.544,0.235,0
1.262,0.663,0
2.030,0.900,0
2.516,0.532,0
0.992,1.007,0
2.670,0.842,0
2.060,0.824,0
1.712,0.512,0
0.480,0.569,0
1.528,0.566,0
2.626,0.379,0
1.236,0.701,0
3.976,0.366,0
1.447,0.391,0
0.884,0.308,1
1.831,1.136,0
1.599,0.474,0
2.042,0.400,0
1.267,0.967,0
2.526,0.512,0
1.089,0.760,0
1.487,0.580,0
0.797,0.770,0
0.976,0.704,0
1.537,0.205,0
1.041,1.377,0
1.144,1.079,0
1.277,0.297,0
1.573,1.017,0
1.986,0.566,0
1.988,0.677,0
2.232,1.249,0
1.540,1.074,0
1.096,1.063,0
0.683,1.826,1
1.199,1.128,0
0.978,0.465,0
0.615,0.326,0
2.968,0.988,0
0.609,0.260,0
1.651,0.530,0
1.808,0.528,0
1.262,0.441,0
4.553,1.296,0
1.418,0.754,0
0.991,0.567,0
3.129,1.019,0
0.976,0.514,0
0.731,1.196,1
0.889,1.860,1
1.049,0.595,0
1.434,0.585,0
1.638,1.166,1
0.703,0.228,0
1.648,0.331,0
3.886,0.372,0
1.015,0.273,0
1.323,0.636,0
1.929,0.744,0
2.433,0.628,0
1.036,0.628,0
0.906,1.029,0
0.887,1.117,0
2.317,1.221,0
2.118,0.591,0
0.523,0.643,0
0.529,1.377,0
0.799,0.790,0
0.708,1.271,0
1.693,0.497,0
1.553,0.622,0
3.436,0.455,0
2.019,0.630,0
1.485,0.796,0
2.408,0.504,0
0.935,1.778,0
0.742,0.293,0
1.426,1.002,0
2.157,0.360,0
0.671,0.744,0
2.114,0.425,0
2.080,0.661,0
1.118,0.661,0
1.518,0.419,0
1.240,0.336,0
1.458,0.438,0
2.032,0.643,0
0.973,0.973,0
2.260,1.475,1
2.091,0.259,0
2.127,0.808,0
0.571,0.498,1
0.600,0.640,0
1.928,0.752,0
1.075,0.963,0
1.025,0.786,0
0.991,0.628,1
0.761,1.439,0
1.232,0.737,0
1.010,0.634,0
1.041,1.153,0
1.749,0.350,0
0.818,0.389,0
2.349,1.359,0
0.508,0.573,0
4.421,0.250,0
0.754,0.964,0
1.834,1.192,0
2.133,0.424,0
1.402,0.321,0
1.974,0.618,0
1.337,0.765,0
0.627,0.464,0
1.645,0.393,0
2.371,0.834,0
1.091,0.837,0
0.646,0.277,0
1.066,0.354,0
1.630,0.535,0
1.613,0.456,0
2.330,0.708,0
1.813,0.827,0
1.772,1.664,0
0.561,0.763,0
3.898,1.023,0
1.437,0.281,0
2.086,0.441,0
1.199,1.097,0
1.310,0.296,0
1.444,1.270,0
2.892,0.841,0
2.816,0.678,0
1.866,0.594,0
3.493,0.344,0
1.173,0.360,0
1.783,0.479,0
1.141,0.505,0
2.548,1.198,0
1.431,0.371,0
2.204,0.456,0
3.104,0.255,0
0.544,0.687,0
3.813,0.630,0
1.630,1.115,0
1.217,1.712,1
0.584,0.834,0
1.226,0.404,0
0.490,0.709,0
1.468,0.731,0
1.304,0.611,0
3.259,0.359,0
1.213,0.754,1
2.309,0.336,0
2.411,0.603,0
3.643,0.538,0
1.259,0.164,0
2.002,0.865,0
0.701,1.907,0
0.847,0.521,1
1.245,0.457,0
1.397,1.022,0
0.807,0.319,0
1.168,0.637,0
1.950,0.714,0
1.145,0.470,0
1.315,0.607,0
0.938,0.406,0
2.671,0.466,0
3.209,0.890,0
1.554,0.400,0
1.341,0.468,0
3.046,0.438,0
1.763,0.821,0
1.038,0.519,0
0.759,0.404,0
1.078,0.748,0
3.893,0.222,0
1.076,0.234,0
5.365,0.732,0
1.414,1.659,0
1.281,0.488,0
2.606,0.751,0
1.264,0.306,0
1.686,0.672,0
0.876,0.698,0
0.797,0.849,0
1.007,0.428,1
1.569,1.723,1
1.042,0.383,0
0.572,1.389,0
1.764,0.360,0
1.313,0.951,0
1.245,1.267,0
1.067,1.952,0
0.501,0.594,0
2.950,0.268,0
1.135,0.980,0
1.807,0.436,0
2.695,0.361,0
2.387,0.465,0
1.556,0.393,0
1.423,0.940,0
1.633,0.697,0
2.155,0.903,0
1.852,0.990,0
1.153,0.517,0
1.745,0.913,0
1.688,1.191,0
1.954,1.666,1
1.559,0.691,0
2.669,0.553,0
1.556,0.390,0
2.137,0.516,0
1.447,0.637,0
1.088,0.722,0
0.916,0.314,0
1.318,0.514,0
1.816,0.571,0
2.547,0.466,0
1.361,0.461,0
1.116,0.760,1
1.122,0.382,0
2.574,0.811,0
1.489,0.362,0
1.126,0.709,1
1.996,0.355,0
0.771,1.172,0
1.497,0.933,0
1.391,1.276,1
1.333,0.410,0
0.833,0.319,0
2.232,0.319,0
3.084,0.564,0
0.770,1.103,1
1.499,0.917,0
1.911,0.901,0
4.022,0.334,0
1.171,1.116,0
0.916,0.929,0
1.416,0.477,0
3.593,0.168,0
1.465,0.419,0
1.603,0.592,0
3.219,1.443,0
0.530,0.710,0
0.522,0.613,0
2.157,1.453,0
2.029,1.428,0
0.748,0.773,0
1.802,0.877,0
1.446,1.220,0
1.568,0.436,0
0.979,0.784,0
1.151,0.508,0
0.947,0.383,0
1.453,0.823,0
1.275,1.131,0
3.084,1.689,0
1.896,0.953,0
0.686,1.152,0
1.719,0.579,0
2.748,0.290,0
1.616,0.456,0
2.342,0.784,0
1.397,0.467,0
1.964,1.736,0
0.922,1.205,1
2.040,0.574,0
0.751,1.580,0
2.576,0.895,0
0.706,1.508,1
0.535,0.580,0
1.813,0.962,0
1.310,0.565,0
1.496,0.643,0
1.729,1.166,0
1.401,1.741,0
0.943,0.682,0
1.564,0.747,0
1.666,0.402,0
1.781,0.572,0
3.549,0.829,0
1.011,0.332,0
1.464,0.509,0
1.837,0.356,0
1.155,0.710,0
0.816,1.021,0
1.092,0.764,0
2.319,0.552,0
1.253,0.376,0
1.882,0.274,0
1.011,0.646,0
1.743,1.420,0
1.039,0.556,0
0.962,0.618,0
1.495,0.507,0
1.454,0.354,0
2.801,1.119,0
0.670,0.928,0
1.795,0.295,0
2.986,0.333,0
2.661,1.296,0
1.189,0.403,0
1.036,0.625,1
1.129,0.373,0
1.630,0.758,0
1.549,0.424,0
1.667,0.466,0
1.871,0.357,0
0.866,1.736,1
0.843,2.508,1
0.806,0.720,0
0.764,0.910,0
1.356,0.864,0
1.638,0.642,0
4.566,0.611,0
1.815,0.530,0
1.430,0.969,0
2.732,0.336,0
1.011,0.413,0
1.660,0.928,0
2.224,0.306,0
2.040,1.501,1
1.710,0.555,0
1.208,0.707,0
0.800,1.290,0
1.322,0.625,0
1.078,0.687,0
1.950,0.470,0
1.332,0.840,0
1.839,0.923,0
0.675,0.403,0
2.223,0.906,0
0.958,1.070,0
0.690,0.821,0
0.752,0.431,0
1.062,1.048,1
2.383,1.318,0
1.972,0.495,0
0.826,0.244,0
1.477,0.442,0
1.352,0.647,0
0.688,1.273,0
0.898,1.204,1
0.554,0.921,0
0.950,0.457,0
0.418,0.958,1
0.983,0.638,0
0.921,0.373,0
0.982,0.249,0
0.971,1.087,0
2.419,0.271,0
1.208,1.241,0
1.586,2.109,0
2.010,0.653,0
2.150,0.411,0
1.942,0.457,0
1.099,0.448,0
0.856,0.784,0
0.991,1.088,0
1.141,0.430,0
1.422,0.538,0
1.364,0.455,0
2.351,1.175,0
1.353,1.075,1
3.241,0.409,0
2.281,0.545,0
1.136,0.700,0
2.109,0.249,0
0.377,0.482,0
2.677,0.690,0
1.715,0.306,0
1.704,0.717,0
0.653,0.657,0
4.530,0.478,0
1.262,1.107,0
1.328,0.390,0
2.383,0.801,0
1.298,0.560,0
0.959,1.143,0
1.921,0.423,0
0.890,0.880,0
1.997,0.887,0
1.512,1.168,0
2.384,1.501,1
0.813,0.287,0
2.517,0.616,0
1.624,0.362,0
3.521,1.073,0
1.051,1.317,0
3.335,0.547,0
1.962,0.728,0
2.040,1.281,0
1.015,0.713,0
1.835,0.597,0
1.931,0.268,0
0.968,0.440,0
0.833,1.086,0
0.994,0.296,0
2.781,0.746,0
1.525,0.719,0
2.184,0.636,0
1.621,0.976,0
1.497,0.431,0
1.572,1.334,0
1.175,0.508,0
2.489,1.096,0
1.537,0.470,0
1.574,0.735,0
0.750,0.537,0
1.636,1.560,0
1.040,0.369,0
1.127,0.458,0
2.286,1.388,0
0.858,0.983,0
1.294,0.628,0
1.895,0.558,0
2.411,0.324,0
1.118,0.554,0
1.644,0.773,0
1.618,1.212,0
0.844,1.051,0
0.530,1.382,0
0.585,0.785,1
1.870,0.439,0
1.487,0.533,0
0.766,1.443,1
1.057,0.678,0
1.180,1.354,1
1.203,0.276,0
1.399,0.494,0
3.915,0.419,0
0.990,0.735,0
1.515,0.422,0
0.996,0.317,0
1.062,0.615,0
0.946,0.190,0
1.276,0.468,0
1.100,0.803,0
1.666,0.348,0
1.564,0.623,0
0.941,0.401,0
3.426,0.533,0
0.829,0.728,0
1.671,0.821,0
3.845,0.807,0
1.022,0.429,0
2.610,1.443,0
2.725,0.763,0
1.658,0.454,0
0.606,1.309,0
2.726,0.519,0
1.480,1.823,0
1.103,1.008,0
2.551,0.607,0
1.017,0.497,0
2.314,0.412,0
1.102,0.423,0
1.815,0.554,0
0.865,1.324,1
1.182,0.709,0
0.931,0.617,1
1.023,0.808,0
1.546,0.545,0
1.311,0.329,0
1.547,0.291,0
2.558,1.382,0
1.346,0.556,0
0.603,1.525,0
1.243,1.789,0
1.472,0.751,0
2.265,0.978,0
2.281,0.533,0
2.195,0.603,0
1.278,0.676,0
1.908,0.645,0
0.731,1.454,0
2.570,0.615,0
1.735,1.051,0
1.791,0.692,0
1.192,0.907,0
1.455,1.743,1
1.043,0.281,0
1.840,1.216,0
0.770,0.463,0
2.217,0.722,0
1.821,0.539,0
3.598,0.502,0
1.394,0.311,0
1.359,0.153,0
1.551,2.061,0
1.443,1.037,0
1.350,0.570,0
0.855,0.237,0
0.853,0.933,1
1.093,1.525,1
1.241,0.821,0
0.822,0.256,0
0.832,0.489,0
1.245,0.749,0
1.995,0.623,0
1.300,1.185,0
1.938,0.383,0
2.218,0.457,0
2.020,0.167,0
1.169,1.199,0
1.178,0.916,0
0.602,0.510,0
1.036,0.243,0
1.759,1.038,0
0.861,0.298,1
2.643,0.322,0
2.742,0.225,0
1.198,0.296,0
2.168,0.384,0
0.740,0.354,0
0.876,1.173,0
1.196,0.950,0
1.425,0.669,0
1.303,0.469,0
0.955,0.626,0
3.502,0.310,0
1.622,0.797,0
1.619,0.383,0
1.941,0.484,0
1.538,0.771,0
1.276,0.395,0
1.099,0.298,0
0.669,1.122,0
2.820,0.247,0
0.929,0.316,0
0.661,0.335,0
0.979,0.428,0
0.680,0.591,1
3.547,0.108,0
1.678,0.484,0
2.711,1.384,0
2.768,1.231,0
1.843,1.038,0
1.846,0.609,0
1.018,0.719,0
1.365,0.469,0
1.075,0.253,0
1.447,0.777,0
1.029,1.157,0
2.539,0.752,0
2.016,0.628,0
1.351,1.030,1
0.659,0.760,0
1.944,1.187,0
2.130,0.504,0
1.375,0.236,0
0.795,0.836,0
1.731,1.043,0
2.299,0.414,0
0.588,0.727,1
1.841,0.952,0
0.616,0.140,0
1.471,2.485,1
3.164,0.982,0
1.480,0.571,0
1.769,0.335,0
1.224,0.265,0
1.415,4.000,1
4.174,0.532,0
2.618,0.940,0
1.228,0.441,0
1.191,0.532,0
1.431,0.918,0
3.884,0.377,0
1.562,0.610,0
2.364,0.569,0
1.201,0.832,0
0.791,1.028,0
2.605,0.577,0
1.370,1.390,1
0.990,0.488,0
1.033,0.513,0
1.043,0.668,0
1.074,0.552,0
0.700,0.984,0
2.462,0.130,0
1.691,0.237,0
2.219,0.189,0
1.212,1.398,0
1.664,1.009,0
1.532,0.432,0
2.431,0.792,0
2.062,0.237,0
1.672,0.537,0
1.054,1.458,0
0.818,0.916,0
0.984,2.106,1
1.061,0.484,0
1.109,1.216,1
0.805,0.678,0
3.036,0.763,0
1.606,0.738,0
0.564,0.983,0
0.861,1.343,1
0.768,0.663,0
1.583,0.791,0
2.312,0.605,0
0.904,0.752,0
1.884,0.408,0
1.251,1.122,0
2.401,0.951,0
2.650,0.770,0
1.636,0.637,0
1.971,0.443,0
1.417,0.378,0
1.196,0.345,1
0.834,0.413,0
1.648,1.074,0
1.374,0.817,0
1.191,0.289,0
1.370,0.374,0
1.304,1.361,0
0.883,1.639,1
1.115,1.035,0
2.391,2.106,1
1.276,0.440,0
2.684,0.827,0
0.838,0.453,0
0.765,2.247,1
1.504,0.828,0
2.022,0.824,0
1.052,0.802,0
1.887,0.445,0
2.172,0.633,0
2.315,0.182,0
1.349,0.510,0
1.386,0.373,0
0.668,1.019,0
1.434,1.388,1
1.613,0.765,0
2.702,0.371,0
0.795,0.356,0
0.965,0.998,1
0.899,0.568,0
2.137,0.570,0
0.448,0.361,0
0.867,0.758,0
3.630,0.741,0
1.914,1.037,0
0.775,0.392,0
1.381,0.651,1
2.086,0.300,0
1.823,0.752,0
1.283,0.666,0
0.989,0.539,0
2.073,1.097,0
1.415,0.326,0
2.051,1.587,0
1.700,0.836,0
1.148,0.918,1
2.735,0.777,0
1.131,0.450,0
1.726,0.487,0
1.064,1.136,0
1.278,0.660,0
1.267,0.796,0
1.051,0.549,0
1.581,1.069,0
2.575,0.961,0
3.304,0.324,0
2.725,1.994,0
1.312,1.196,0
2.752,1.063,1
1.717,0.803,0
3.211,0.648,0
0.801,1.080,0
2.783,2.834,1
1.081,0.636,0
2.400,0.362,0
1.148,0.657,0
2.148,0.697,0
1.249,1.141,0
0.605,0.337,0
0.915,0.522,0
1.272,0.559,0
1.435,1.151,0
0.514,1.240,1
0.824,0.746,0
1.018,1.211,0
1.289,0.708,1
1.569,0.705,0
0.978,0.186,0
0.713,0.403,0
1.628,0.355,0
1.221,0.853,0
2.123,0.691,0
1.118,0.362,0
1.901,0.676,0
0.948,0.614,0
1.603,0.817,0
1.478,0.483,0
1.740,0.441,0
0.929,1.294,0
1.343,0.566,0
0.966,1.154,0
1.320,0.401,0
1.882,0.577,0
5.490,0.546,0
1.442,0.381,0
1.962,0.972,0
1.494,0.309,0
2.373,0.744,0
1.750,0.199,0
2.279,0.957,0
1.668,0.666,0
4.211,1.218,0
2.650,1.994,1
0.657,0.446,0
1.627,0.655,0
1.471,0.318,0
0.523,0.504,1
0.962,0.672,0
1.153,0.663,0
1.019,1.004,0
1.506,0.856,0
0.631,1.116,1
1.992,0.445,0
2.018,0.703,0
1.667,0.365,0
1.224,0.590,0
1.424,0.143,0
1.152,0.611,0
2.386,0.665,0
1.787,0.501,0
3.502,0.517,0
1.204,0.252,0
2.740,0.451,0
1.096,0.464,0
1.317,0.729,0
0.887,0.830,0
1.802,0.505,0
1.385,0.596,0
1.884,0.784,0
2.790,0.394,0
1.387,1.127,0
1.689,1.983,0
2.136,0.794,0
1.385,0.494,0
1.111,0.727,0
1.672,1.226,0
1.786,1.297,0
2.024,0.307,0
2.073,0.770,0
1.052,0.431,0
1.740,0.505,0
2.482,0.748,0
1.154,0.864,0
1.677,0.552,0
1.076,0.403,0
1.535,0.577,0
3.117,0.365,0
1.539,1.678,1
0.920,0.273,0
1.664,0.894,0
1.569,0.683,0
2.356,0.646,0
0.766,0.362,0
0.942,0.491,0
1.374,0.533,0
0.706,0.478,0
2.378,0.562,0
0.571,0.681,0
0.979,0.502,0
0.731,0.816,0
1.059,0.956,0
2.044,0.477,0
1.869,0.958,0
2.163,0.661,0
1.869,0.471,0
0.569,0.827,0
1.631,1.177,0
0.619,0.536,0
1.135,0.235,0
1.193,0.978,0
1.114,1.103,1
1.778,0.347,0
0.988,0.593,0
3.110,0.822,0
1.865,0.174,0
2.426,0.977,0
2.005,0.947,0
2.131,0.994,0
1.397,1.443,0
3.454,0.357,0
0.886,1.068,1
1.754,2.211,1
1.427,0.184,0
1.288,0.517,0
1.644,0.932,0
1.016,0.427,0
2.108,0.232,0
2.030,0.752,0
1.489,0.694,0
1.987,0.424,0
0.892,0.722,0
0.630,1.044,1
1.097,1.096,0
1.280,0.795,0
4.384,0.320,0
1.285,0.532,0
2.269,0.180,0
2.086,0.351,0
3.689,0.688,0
1.502,0.850,1
1.913,0.620,0
1.306,0.623,0
0.965,0.214,0
0.906,0.310,0
1.001,0.333,0
2.713,0.452,0
1.621,0.451,0
1.329,2.079,1
1.436,1.089,1
1.105,0.356,0
1.403,0.433,0
1.399,0.462,0
1.912,0.452,0
2.149,0.468,0
0.682,0.203,0
1.582,1.186,0
2.649,0.905,0
0.899,0.886,1
1.273,0.660,0
1.538,0.804,0
2.341,0.510,0
1.865,0.210,0
1.291,0.665,0
1.786,0.631,0
2.274,0.301,0
1.700,0.181,0
3.294,1.163,0
1.725,0.354,0
0.888,0.554,0
1.001,0.423,0
1.342,1.569,0
1.299,0.273,0
1.886,1.108,0
1.673,0.154,0
3.088,1.030,0
2.056,0.471,0
2.785,0.179,0
1.011,0.639,0
1.177,0.594,0
1.942,0.254,0
1.487,0.752,0
1.893,0.608,0
1.598,0.806,0
1.079,0.285,0
3.075,0.408,0
2.388,0.362,0
0.709,0.661,0
1.082,0.461,0
1.443,0.355,0
1.940,1.323,1
1.383,0.461,0
0.774,1.131,0
2.077,0.979,0
1.302,0.415,0
2.457,0.224,0
1.638,0.691,1
2.244,0.899,0
2.083,1.181,1
2.128,0.767,0
1.138,0.786,0
2.273,0.436,0
1.568,0.414,0
0.816,3.660,1
1.198,1.163,0
1.230,0.297,0
1.768,0.732,0
1.948,0.798,0
0.867,0.230,0
1.984,0.528,0
1.391,0.847,0
0.891,1.555,0
2.084,1.520,0
1.018,0.510,0
0.838,0.520,0
2.014,0.480,0
2.148,0.704,0
1.066,0.999,0
2.306,0.349,0
2.250,0.563,0
1.136,0.449,0
3.520,0.405,0
1.397,0.468,0
1.588,1.714,1
0.491,1.635,1
1.910,1.404,0
1.087,0.248,0
1.750,0.738,0
0.666,2.355,1
2.414,0.785,0
2.763,0.420,0
3.356,0.867,0
0.381,0.540,0
1.871,0.498,0
1.678,0.718,0
0.370,0.812,0
1.035,0.566,0
1.385,0.616,1
2.726,0.353,0
0.990,0.608,0
1.579,0.926,0
1.404,0.656,0
1.698,0.566,0
1.205,0.280,0
2.152,1.166,0
2.231,0.327,0
0.782,0.909,0
2.386,0.510,0
1.031,0.974,0
1.276,1.113,0
2.392,0.524,0
1.509,0.116,0
1.870,0.200,0
2.059,0.363,0
1.891,0.374,0
1.135,0.734,0
0.943,1.876,1
1.965,0.903,0
2.034,0.579,0
1.699,1.323,0
1.330,0.562,0
2.128,1.007,0
1.431,0.768,0
0.784,0.214,0
1.644,1.071,0
1.818,1.664,0
2.053,0.517,0
0.972,0.959,1
1.036,0.834,0
1.684,0.540,0
1.188,0.509,0
1.409,1.090,1
2.214,0.439,0
1.734,0.465,0
3.298,1.004,0
1.658,1.050,0
3.135,1.493,0
2.348,0.454,0
4.567,0.299,0
1.470,1.149,0
1.405,0.268,0
2.624,0.500,0
1.161,0.556,0
1.189,1.631,1
1.636,0.639,0
1.735,0.321,0
0.782,0.619,0
1.644,1.315,0
1.278,0.231,0
1.451,0.303,0
1.590,1.111,0
1.350,0.673,0
2.379,0.358,0
1.831,0.561,0
1.355,0.654,0
1.525,0.332,0
2.349,0.458,0
2.098,1.407,0
2.603,0.751,0
1.389,1.170,0
1.572,0.617,0
3.639,0.461,0
1.455,0.746,0
3.140,0.379,0
2.161,0.771,0
1.223,0.531,0
0.793,0.535,0
1.970,0.542,0
1.082,0.372,0
1.081,1.342,1
0.685,0.273,0
2.523,0.711,0
1.554,0.312,0
1.502,1.038,0
1.772,0.556,0
1.656,0.697,0
1.550,0.817,0
1.872,0.768,0
1.314,0.697,0
0.469,0.771,0
2.068,0.763,0
1.798,0.488,0
1.503,0.534,0
3.025,0.551,0
0.797,0.424,0
0.408,0.467,0
2.892,1.306,0
1.790,0.284,0
0.714,1.601,1
1.240,0.471,1
1.962,0.888,0
0.865,0.631,0
1.906,0.570,0
3.832,0.857,0
2.768,1.610,0
1.467,0.590,0
1.718,0.619,0
0.974,0.468,0
1.578,1.930,0
1.282,1.203,0
0.954,1.170,0
0.816,0.642,0
3.524,0.222,0
1.546,0.821,0
0.942,0.236,0
1.232,0.446,0
2.890,1.074,0
3.068,0.457,0
1.130,0.432,0
1.623,0.195,0
2.214,0.935,0
1.274,0.792,0
0.880,0.482,0
0.962,0.770,0
1.494,0.259,0
1.053,0.377,1
0.833,0.701,0
1.338,1.023,1
2.254,0.619,0
2.017,0.320,0
1.342,0.480,0
3.485,1.163,0
1.046,0.453,0
1.437,0.723,0
0.807,0.799,0
2.103,0.465,0
1.405,0.638,0
0.701,0.234,0
1.026,0.458,0
3.313,0.641,0
2.050,0.891,0
1.560,1.287,0
2.184,0.483,0
0.727,0.815,0
1.026,0.586,1
0.821,0.408,0
1.025,0.409,0
1.251,0.608,0
1.879,0.631,0
2.326,0.416,0
2.296,2.840,1
4.919,0.619,0
1.189,0.904,0
1.470,0.542,0
1.860,2.910,1
1.024,0.184,0
1.303,0.516,0
1.778,0.695,0
0.999,1.207,1
1.828,0.609,0
2.560,0.364,0
0.900,1.486,0
0.534,0.902,0
1.536,0.544,0
0.930,0.546,0
1.599,0.545,0
1.210,0.683,0
1.694,0.245,0
2.452,0.674,0
2.130,0.448,0
1.260,0.817,0
0.876,0.750,0
0.487,0.351,0
0.559,1.311,1
1.034,0.947,0
1.539,0.381,0
1.089,0.351,0
1.127,0.429,0
0.720,0.755,0
0.702,1.249,0
0.679,0.381,0
1.932,0.408,0
0.604,0.830,0
1.975,0.607,0
0.974,0.606,0
1.849,0.584,0
1.617,0.523,0
2.032,1.626,0
2.463,1.066,0
1.019,0.521,0
0.936,1.241,0
1.185,1.755,1
1.019,0.808,0
1.932,0.738,0
1.365,0.477,0
1.438,0.667,0
1.726,0.704,0
1.159,1.275,0
2.337,0.372,0
0.628,0.256,0
1.586,0.473,0
1.785,0.763,0
1.012,0.208,0
1.046,0.558,0
2.135,0.400,0
1.235,0.337,0
0.603,0.671,0
0.778,1.176,1
2.233,0.296,0
0.959,0.705,0
2.555,0.568,0
2.623,0.887,0
1.299,0.624,0
1.812,0.440,0
0.981,1.010,0
1.186,0.786,0
1.038,0.354,0
1.848,0.208,0
0.799,0.421,0
1.338,0.693,0
1.450,0.947,0
1.787,0.454,0
0.548,0.502,0
0.636,0.230,0
0.956,0.482,0
1.281,0.659,0
1.507,0.449,0
1.543,0.585,0
3.490,0.362,0
1.896,0.377,0
1.840,0.718,0
1.137,0.264,0
2.007,0.623,0
1.926,1.182,0
1.908,0.452,0
1.343,0.471,0
1.867,0.391,0
2.793,0.303,0
0.989,0.448,0
0.537,0.307,0
2.037,0.543,0
1.960,0.454,0
1.273,0.331,0
1.157,0.623,0
4.841,1.055,0
1.146,0.941,0
0.818,0.524,0
1.139,0.602,0
1.765,0.344,0
1.073,0.532,0
1.185,0.871,0
1.616,0.920,0
1.164,1.266,0
1.492,0.267,0
1.383,1.422,0
0.876,0.747,0
1.455,1.412,1
0.838,0.608,0
2.137,1.184,1
0.928,0.598,0
1.266,0.340,0
0.625,0.720,0
1.153,0.460,0
0.806,0.592,0
2.743,0.804,0
1.333,0.923,0
1.777,0.862,0
0.644,1.023,0
0.809,0.260,0
1.304,1.137,0
0.767,0.384,0
2.342,0.635,0
1.175,0.484,0
1.503,0.322,0
1.609,0.979,1
1.314,0.347,0
1.985,0.447,0
1.041,1.337,0
1.654,0.177,0
2.396,0.241,0
1.544,1.016,0
1.485,0.483,0
1.211,0.927,1
1.441,0.601,0
1.896,0.465,0
1.259,0.885,0
0.664,0.412,1
1.510,0.448,0
1.313,0.686,0
1.729,0.332,0
1.429,0.276,0
2.825,0.245,0
0.822,1.007,0
0.912,1.729,0
1.875,1.153,0
0.889,0.427,0
1.621,0.456,0
1.393,0.352,0
0.587,0.605,0
1.885,1.067,0
2.575,0.582,0
1.537,0.599,0
0.754,0.104,0
1.988,0.716,0
0.884,0.315,0
1.329,0.528,0
1.683,0.739,0
0.992,0.648,0
0.662,0.911,1
1.316,1.406,0
1.374,0.175,0
0.960,0.260,0
0.992,1.504,1
1.943,0.795,0
1.345,0.412,0
1.138,0.528,1
1.076,0.614,0
1.508,1.089,1
1.459,0.513,0
1.297,0.611,0
0.758,0.295,0
1.188,1.371,0
1.061,0.787,0
1.440,0.474,0
2.326,0.295,0
2.125,0.607,0
1.855,0.996,0
1.469,2.180,0
1.213,1.762,0
1.620,0.502,0
1.134,0.491,0
1.203,0.361,0
0.966,0.796,0
1.365,0.408,0
1.351,0.850,0
3.137,0.740,0
1.781,0.780,0
1.184,0.363,0
1.963,1.169,0
1.136,0.557,1
2.176,0.319,0
1.965,0.609,0
4.965,0.685,0
0.869,0.643,0
1.353,1.047,0
1.329,1.208,0
1.591,2.183,0
1.908,0.592,0
0.912,1.218,0
1.018,0.150,0
1.595,1.758,1
2.133,0.617,0
0.856,1.258,0
0.710,0.550,0
2.302,0.843,0
2.018,0.884,0
2.244,0.448,0
0.915,0.457,0
1.281,0.127,0
1.543,0.852,0
1.693,0.575,0
1.327,0.554,0
1.367,1.230,0
2.171,0.760,0
1.157,0.713,0
1.101,0.221,0
1.159,0.684,0
1.119,0.534,0
1.479,1.078,0
1.276,0.477,0
1.155,0.319,0
2.591,0.553,0
1.593,1.738,0
1.207,0.388,0
2.417,1.276,0
1.101,0.572,0
1.397,0.205,0
1.342,0.884,0
1.090,2.305,1
1.183,0.807,0
1.449,0.348,0
0.752,0.557,0
1.181,0.386,0
1.557,3.063,1
1.574,0.854,0
1.589,0.170,0
3.839,0.991,0
1.862,0.806,0
1.314,0.357,0
1.326,0.448,0
1.396,0.604,0
1.686,1.630,0
1.230,0.469,0
2.674,0.413,0
0.869,1.067,1
1.833,0.442,0
1.734,0.353,0
0.854,0.582,0
1.830,0.991,0
1.774,0.682,0
1.061,0.511,0
3.775,1.391,0
1.895,1.356,0
1.213,0.259,0
1.137,0.331,0
1.015,0.377,0
1.560,0.557,0
1.434,0.689,0
0.762,0.602,0
0.894,0.654,0
1.028,0.806,0
1.175,0.309,0
1.196,0.188,0
1.049,0.740,0
1.837,1.251,0
2.095,0.700,1
1.441,0.500,0
0.545,0.857,0
1.305,0.526,0
1.774,0.307,0
1.348,0.510,1
1.568,0.960,0
1.458,0.754,0
0.737,0.919,0
0.473,0.479,0
1.820,0.857,0
1.116,1.387,0
1.666,0.526,0
1.225,0.481,0
1.297,1.245,0
2.505,0.668,0
0.836,0.331,0
1.389,0.502,1
0.874,1.304,0
1.438,0.773,0
1.709,1.769,1
1.842,0.900,0
1.487,0.730,0
0.773,1.133,1
1.548,0.453,0
2.042,1.142,0
2.134,0.605,0
3.483,0.553,0
1.774,0.790,0
0.902,0.491,0
1.117,0.342,0
1.446,0.388,0
2.182,0.846,0
0.856,0.749,0
2.061,0.665,0
1.842,0.946,0
0.962,0.390,0
1.808,0.508,0
1.006,1.559,0
1.392,0.377,0
1.225,1.287,1
1.543,0.550,0
0.843,0.851,0
1.746,0.726,0
0.552,0.554,0
1.172,0.678,0
1.095,1.079,0
2.735,0.435,0
1.754,0.379,0
1.133,1.023,0
0.952,0.513,0
1.415,0.581,0
1.066,0.576,0
3.623,0.506,0
0.426,0.237,0
1.434,0.605,0
0.488,0.495,0
2.173,0.304,0
0.990,0.469,0
2.767,0.726,0
1.105,1.648,0
2.215,0.474,0
1.521,1.330,0
2.311,0.498,0
1.409,0.823,0
0.392,0.555,1
1.024,0.962,0
0.717,0.689,0
2.090,0.516,0
1.755,0.274,0
1.399,1.098,0
1.694,0.281,0
1.518,0.458,0
1.093,1.683,0
3.216,0.729,0
1.545,0.670,0
1.285,0.685,0
0.746,0.732,0
1.070,0.531,0
1.402,0.771,0
1.293,0.586,0
1.138,0.534,0
1.365,0.828,0
0.863,0.905,0
1.400,0.776,0
0.720,1.077,0
0.966,1.780,1
1.018,1.641,0
2.023,0.678,0
1.720,0.353,0
1.441,1.200,0
0.853,0.684,0
1.176,0.980,0
1.965,0.530,0
2.384,1.027,0
0.743,0.351,0
1.161,0.707,0
1.461,0.309,0
1.621,1.941,0
1.401,0.561,0
1.858,0.206,0
0.752,1.296,1
2.717,1.099,0
0.856,1.368,0
1.432,0.351,1
1.747,0.796,0
2.301,1.330,0
2.058,0.588,0
2.030,0.803,0
2.416,0.578,0
1.310,0.550,0
1.928,1.376,1
2.706,0.427,0
1.012,0.664,0
0.769,0.892,1
0.911,0.667,0
2.565,1.030,0
2.385,0.222,0
1.202,1.213,0
1.556,0.343,0
1.717,0.581,0
2.198,0.542,0
0.626,0.842,0
1.104,0.590,0
1.254,0.518,0
1.609,0.948,0
1.450,1.998,1
1.225,0.469,0
1.590,0.456,0
0.466,0.475,0
5.253,0.336,0
1.999,0.337,0
2.054,0.504,0
1.060,0.958,0
1.680,0.494,0
3.395,0.416,0
3.070,0.613,0
1.452,0.423,0
0.825,2.816,1
1.508,1.496,0
1.236,0.661,0
2.029,0.260,0
0.812,0.479,0
1.298,0.396,0
1.580,0.402,0
1.151,0.200,0
2.216,0.488,0
0.864,0.469,0
0.828,0.449,0
1.211,0.322,0
2.012,0.787,0
1.236,0.406,0
1.092,0.190,0
1.991,0.370,0
1.551,0.994,0
1.123,1.230,1
1.485,0.349,0
1.271,0.588,0
1.830,0.868,0
1.498,1.055,0
0.998,0.500,0
1.146,0.751,0
1.178,0.508,0
1.652,0.242,0
1.655,1.051,0
0.984,0.618,0
1.298,0.803,0
1.608,0.572,0
2.259,0.399,0
1.568,0.491,0
3.263,0.767,0
1.423,0.322,0
1.932,1.469,0
1.223,2.188,1
0.917,0.187,0
1.474,1.050,0
1.733,0.506,0
1.618,0.890,0
1.499,0.708,0
1.220,0.579,0
0.989,1.041,0
1.237,0.674,0
1.722,1.427,0
2.124,0.764,0
0.341,0.295,0
1.830,0.588,0
2.244,0.643,0
2.426,0.472,0
1.660,0.332,0
1.878,1.851,0
1.162,0.619,0
1.355,0.632,0
1.766,0.268,0
0.877,0.869,1
1.001,0.605,0
1.532,1.162,0
0.792,1.604,0
1.440,0.455,0
0.742,0.436,0
1.531,1.205,0
1.424,1.153,0
1.104,0.764,0
0.937,0.955,0
1.131,0.545,0
0.536,0.638,0
1.186,0.645,0
1.481,0.205,0
2.366,0.961,0
1.130,0.983,0
1.305,0.393,0
2.562,0.482,0
2.976,0.759,0
1.140,0.952,0
2.211,0.651,0
2.337,0.505,0
1.758,0.810,0
0.919,0.691,1
0.937,0.379,0
1.805,0.543,0
3.850,0.530,0
1.302,0.924,0
2.768,0.319,0
3.187,0.419,0
0.821,0.524,0
1.087,0.655,0
2.700,2.309,0
2.144,0.588,0
1.783,1.137,0
1.400,0.980,0
1.847,1.292,0
1.071,1.636,1
4.146,0.879,0
0.855,0.385,0
0.648,0.534,0
1.501,1.445,0
2.625,2.051,0
1.138,1.284,1
1.375,2.346,1
0.905,0.936,1
1.363,0.413,0
0.907,0.682,0
0.912,0.757,0
0.745,1.063,0
1.110,1.026,0
3.146,0.403,0
1.372,1.219,1
1.529,0.478,0
3.695,0.751,0
1.070,0.919,0
0.914,0.943,0
1.763,0.855,0
0.826,0.483,0
1.625,0.602,0
2.319,1.069,0
0.882,0.505,0
1.123,0.344,0
2.932,0.164,0
0.890,0.651,0
1.048,0.397,0
1.559,0.646,0
1.227,0.363,0
0.973,0.509,0
2.810,0.527,0
1.094,1.074,0
1.624,0.401,0
1.178,0.339,0
1.274,0.683,0
0.777,1.003,0
2.100,0.393,0
1.168,0.846,0
2.443,0.647,0
0.850,0.841,0
1.141,0.235,0
1.730,0.675,0
1.475,0.559,0
1.059,0.718,0
1.326,0.444,0
0.802,0.602,0
1.440,0.197,0
0.446,0.634,0
1.516,1.338,1
2.530,0.712,0
2.071,0.666,0
2.034,0.771,0
1.173,1.374,0
1.739,0.444,0
1.182,0.289,0
1.352,0.351,0
1.347,0.445,0
0.327,0.673,0
2.099,0.998,0
1.713,0.430,0
2.026,0.369,0
0.932,1.036,0
1.899,1.142,1
1.733,0.421,0
0.535,0.964,0
0.655,0.578,0
1.439,0.490,0
1.055,0.595,0
1.396,0.401,0
1.066,0.253,0
2.689,0.296,0
0.618,0.423,0
0.779,0.748,0
0.921,0.788,0
0.779,1.013,0
1.095,0.414,0
1.388,0.625,0
0.787,0.290,0
1.647,0.372,0
2.484,1.109,0
2.260,0.590,0
3.356,1.767,0
2.301,0.919,0
1.389,0.491,0
3.046,0.434,0
1.912,0.206,0
3.174,1.294,0
1.296,1.089,0
0.567,4.000,1
0.850,1.962,1
1.524,0.761,0
1.789,0.359,0
1.290,0.242,0
2.176,0.515,0
0.857,0.625,0
1.040,0.285,0
2.166,0.928,0
1.444,1.079,0
1.472,0.371,0
2.600,0.552,0
2.272,0.294,0
1.002,1.103,0
1.542,0.389,0
0.676,0.341,0
1.407,0.216,0
1.676,0.362,0
0.667,0.245,0
2.783,1.131,0
3.365,0.896,0
1.755,0.323,0
2.114,0.388,0
2.714,0.607,0
1.314,0.672,0
2.225,0.354,0
1.674,1.325,0
0.730,0.896,0
0.959,1.915,1
1.109,0.138,0
2.256,0.265,0
1.481,0.939,1
2.176,0.714,0
1.157,0.541,0
0.816,0.335,0
3.472,0.835,0
4.622,0.476,0
1.676,1.336,0
1.303,1.163,0
2.376,1.049,0
0.879,0.229,0
1.297,0.756,0
0.763,1.668,0
1.751,1.747,1
1.581,1.260,0
1.193,1.189,0
1.071,0.416,0
0.735,1.426,0
0.993,1.791,1
2.420,0.803,0
1.219,0.844,0
2.452,0.586,0
0.976,0.705,0
1.371,0.537,0
1.164,0.827,1
1.269,0.578,0
1.983,0.274,0
0.583,0.451,0
1.958,0.797,0
1.919,0.713,0
1.422,1.421,0
1.468,1.082,0
1.291,1.300,0
1.917,0.619,0
1.457,1.149,0
0.984,0.430,0
1.517,0.438,0
2.147,1.042,1
1.668,0.726,0
1.439,0.410,0
1.552,1.077,1
1.146,1.422,1
1.164,0.972,1
0.629,1.314,0
1.312,1.062,0
2.175,1.059,0
1.200,0.408,0
0.960,0.226,0
2.094,0.526,0
1.525,0.106,0
1.510,0.467,0
1.742,0.342,0
1.921,0.676,0
1.395,0.427,0
0.992,0.634,0
3.012,0.386,0
1.456,0.550,0
1.018,1.447,1
1.539,0.358,0
2.376,0.241,0
0.771,1.382,1
2.500,0.970,0
1.340,0.620,0
3.359,0.506,0
1.894,0.750,0
1.358,0.516,0
2.440,1.080,0
2.459,0.535,0
1.222,0.447,0
1.571,0.858,0
1.138,0.405,0
2.110,0.859,0
0.776,0.329,0
1.317,0.468,0
0.568,0.699,0
1.832,0.429,0
0.545,1.090,0
0.902,0.601,0
1.593,0.710,0
1.222,0.213,0
1.175,0.862,0
0.938,0.663,0
1.163,0.211,0
0.669,0.725,0
1.633,0.759,0
2.009,0.426,0
1.973,0.345,0
1.399,0.289,0
2.403,0.640,0
1.734,0.642,0
2.145,0.561,0
1.683,1.928,1
1.442,0.623,0
1.026,0.688,0
0.460,0.262,0
1.874,0.747,0
1.353,1.054,0
3.334,0.385,0
0.607,2.006,1
2.040,0.462,0
0.947,0.683,0
1.420,0.513,0
0.973,0.508,0
1.651,0.129,0
1.404,1.013,0
2.071,0.187,0
1.514,1.252,0
1.746,0.341,0
2.458,0.470,0
1.776,2.520,1
1.343,0.368,0
2.419,0.557,0
1.355,0.315,0
1.694,0.567,0
1.240,0.789,0
1.071,1.496,0
0.393,0.148,0
1.916,0.604,0
0.868,0.875,0
1.949,1.032,0
3.082,0.410,0
0.809,0.659,0
2.073,1.768,0
1.365,0.773,0
1.729,2.028,0
0.853,0.323,0
1.442,0.425,0
1.522,0.642,0
2.627,0.358,0
3.565,0.901,0
1.629,0.339,0
1.218,0.760,1
3.682,0.274,0
1.361,0.394,0
1.391,0.725,0
1.488,0.877,0
1.740,0.370,0
1.932,0.274,0
1.114,0.857,0
1.360,0.362,0
3.188,0.786,0
2.832,1.293,0
1.726,0.902,0
1.604,0.272,0
1.293,1.252,0
2.213,1.171,0
1.145,0.455,1
1.505,0.499,0
1.174,1.391,0
1.093,0.754,1
1.452,0.801,0
1.431,1.158,0
1.115,0.854,0
1.389,3.014,0
1.471,1.368,0
1.169,0.692,0
1.080,0.681,0
1.347,0.541,0
1.929,1.249,0
2.295,0.330,0
1.547,1.043,0
1.273,0.460,0
1.411,0.230,0
3.237,1.100,0
2.114,0.811,0
0.951,0.749,0
1.398,0.538,0
1.140,0.632,0
1.223,0.450,0
0.696,1.344,0
1.447,1.367,0
0.800,0.625,0
1.111,0.646,0
2.736,0.753,0
2.192,1.061,0
0.986,0.729,0
0.919,0.500,0
0.968,0.565,0
0.638,0.752,1
0.940,0.595,0
1.274,0.520,0
0.914,1.275,0
1.976,0.814,0
1.399,1.071,0
1.139,0.396,0
3.025,1.026,0
1.937,0.656,0
1.474,0.562,0
3.157,0.444,0
2.511,0.455,0
1.058,0.499,0
1.643,0.691,0
1.186,0.618,0
0.773,1.966,1
3.227,0.845,0
2.722,0.742,0
0.830,0.617,0
1.767,0.417,0
0.708,0.414,0
2.268,0.790,0
1.399,0.280,0
1.263,1.591,0
2.455,1.544,0
1.437,0.286,0
1.280,1.269,0
2.118,1.196,0
1.256,1.214,0
2.082,0.945,0
1.432,1.613,1
2.041,0.416,0
1.874,0.505,0
2.010,0.911,0
0.928,0.670,0
3.215,0.295,0
1.335,1.024,0
3.054,1.148,0
1.107,0.578,0
1.272,0.804,0
1.278,1.105,0
2.356,0.203,0
1.191,0.479,0
1.713,0.402,0
0.728,0.601,0
1.164,0.328,0
1.577,0.322,0
1.366,0.734,0
0.638,1.787,1
1.777,0.329,0
0.943,1.583,0
3.307,1.107,0
1.318,1.135,0
3.799,1.350,0
1.907,0.516,0
1.747,1.215,0
1.163,0.283,0
1.361,0.420,0
1.741,0.783,0
0.616,0.999,0
2.202,0.305,0
0.862,0.228,0
1.280,0.819,0
0.438,0.767,0
1.743,0.959,0
1.978,0.626,0
1.618,0.317,0
1.646,1.219,0
1.218,1.003,0
1.529,0.718,0
2.417,2.175,0
1.190,0.745,0
1.780,1.507,0
1.962,0.606,0
1.292,0.131,0
1.587,0.344,0
1.573,0.143,0
1.154,0.574,0
4.116,1.252,0
1.186,0.254,0
3.010,0.975,0
2.277,0.561,0
0.591,1.080,0
1.596,0.805,0
2.240,0.377,0
2.040,0.901,0
0.966,0.641,0
1.601,1.075,0
0.849,1.916,1
0.910,0.587,0
1.289,1.621,0
1.553,0.621,0
2.878,0.918,0
1.672,0.728,1
2.269,0.453,0
0.848,0.705,0
0.864,0.513,0
1.157,0.898,0
3.069,0.366,0
0.798,0.385,1
0.717,1.063,0
1.383,0.884,0
2.402,0.899,0
0.702,0.899,0
1.280,1.170,0
0.791,0.855,0
2.690,1.094,0
1.933,0.429,0
1.611,0.875,0
1.400,0.438,0
1.289,0.332,0
1.518,0.581,0
1.077,0.942,0
0.971,0.666,0
0.879,1.765,1
1.436,0.959,0
1.009,0.835,0
2.093,0.702,0
0.570,0.314,1
1.830,0.679,0
1.803,0.669,0
2.430,1.732,0
1.279,0.427,0
0.740,0.616,0
0.953,0.443,0
2.342,0.717,0
1.249,0.254,0
1.191,0.778,0
1.105,0.665,0
1.387,0.730,0
1.291,2.823,1
0.722,0.631,0
1.098,0.863,0
2.217,0.653,0
2.689,1.204,0
1.352,2.277,1
1.138,1.686,1
2.583,0.794,0
1.320,0.327,0
0.852,0.839,0
1.349,0.264,0
1.933,0.406,0
2.821,0.476,0
1.152,0.357,0
1.806,0.660,0
1.234,0.539,0
2.349,0.437,0
1.596,0.811,0
1.599,0.439,0
0.927,1.342,1
1.239,0.936,0
1.237,0.518,0
0.300,0.840,1
2.074,0.451,0
1.419,0.464,0
1.301,1.160,0
1.217,0.271,0
1.441,0.849,0
1.584,1.907,1
0.804,0.192,0
1.505,2.487,0
1.497,0.225,0
1.442,0.189,0
0.743,0.203,0
1.340,0.343,0
0.812,0.470,0
1.660,0.226,0
2.534,0.584,0
2.085,1.026,0
1.228,0.423,0
1.124,0.697,0
1.112,0.920,0
1.659,1.713,0
1.064,0.621,0
1.127,0.973,0
0.475,0.868,0
0.982,0.671,1
1.011,0.539,0
1.125,0.798,0
2.423,0.959,0
0.786,0.312,0
0.796,0.529,0
1.852,0.787,0
0.926,0.769,0
1.325,0.784,0
1.536,1.625,0
1.433,1.172,0
1.013,0.322,0
2.127,1.579,1
2.742,0.439,0
0.917,0.409,0
1.263,1.191,1
2.147,0.541,0
1.299,0.252,0
0.918,0.920,0
1.179,0.836,0
2.048,0.878,0
0.920,0.295,0
1.590,1.019,0
1.682,0.459,0
1.070,1.076,0
1.822,0.323,0
1.905,0.378,0
2.201,0.215,0
2.139,0.419,0
0.741,1.178,0
2.104,0.739,0
1.835,0.471,1
2.181,1.398,1
0.981,0.728,0
2.113,0.998,0
1.674,0.783,0
0.858,0.611,0
2.482,0.699,0
1.012,0.827,0
0.913,1.222,0
1.693,0.908,0
1.093,1.063,0
1.667,0.346,0
1.279,0.225,0
1.611,0.772,0
2.033,0.705,0
1.403,0.827,0
2.081,0.367,0
2.062,0.699,0
0.988,0.355,0
2.069,0.677,0
1.866,0.618,0
1.511,0.584,0
2.321,0.767,0
2.935,0.487,0
1.985,0.637,0
0.751,0.954,0
1.731,1.506,0
1.346,0.810,0
1.268,1.020,0
1.657,0.894,0
1.236,1.644,1
2.907,2.092,0
1.609,0.450,0
1.439,0.951,0
2.009,0.763,0
2.024,1.569,0
2.391,0.163,0
1.882,0.449,0
1.406,0.243,0
1.515,1.399,0
0.557,0.754,0
0.753,0.937,0
2.247,0.813,0
1.238,0.756,0
3.149,0.813,0
3.135,0.511,0
0.827,0.205,1
1.636,0.775,0
5.034,0.623,0
1.014,0.469,0
1.697,0.459,0
1.293,1.345,0
1.286,0.425,0
1.265,0.356,0
1.418,0.935,0
1.993,1.468,0
1.007,0.311,0
1.781,0.369,0
1.051,0.357,0
1.797,0.798,0
1.641,0.881,0
1.018,1.422,0
1.520,0.624,0
1.037,0.560,0
0.989,0.459,0
2.381,1.212,0
0.646,0.460,0
1.825,0.404,0
1.946,0.565,0
1.104,0.633,0
2.299,0.804,0
2.126,0.451,0
0.813,1.714,0
1.798,1.885,0
1.754,0.341,0
1.036,0.696,0
1.838,0.364,0
1.984,0.549,0
1.044,0.321,0
0.599,0.547,0
1.704,0.747,0
1.034,0.705,0
0.675,0.302,0
1.209,0.208,0
0.505,0.227,0
1.234,1.272,0
2.754,0.580,0
0.412,0.668,0
1.747,1.450,1
0.955,0.365,0
1.194,0.810,0
0.960,0.439,0
1.889,0.712,0
1.423,0.223,0
1.016,0.511,0
0.807,0.615,0
1.186,0.681,1
2.366,0.286,0
0.841,0.557,0
1.716,1.053,0
1.658,0.608,0
0.596,1.036,0
2.317,0.928,0
1.405,0.734,0
3.797,0.520,0
3.060,0.668,0
1.282,0.379,0
1.337,0.930,0
0.921,0.768,0
0.783,1.248,1
2.027,2.271,1
1.281,1.031,0
1.199,0.881,0
1.327,0.713,0
1.927,1.033,0
2.162,1.391,0
1.431,0.547,0
1.314,0.314,0
1.497,0.298,0
3.550,1.121,0
0.575,0.833,0
0.860,0.866,0
1.763,0.249,0
1.527,0.467,0
2.457,0.267,0
2.548,0.336,0
3.417,0.465,0
1.007,0.435,0
1.875,1.560,0
1.290,0.313,0
2.195,0.451,0
1.554,0.419,0
2.115,0.667,0
1.033,0.965,0
1.540,0.407,0
1.143,0.250,0
1.277,0.503,0
1.173,0.800,0
0.911,0.347,0
2.343,1.105,0
1.633,0.360,0
2.319,0.445,0
0.925,0.496,0
0.606,1.877,1
1.078,0.993,0
1.341,0.780,0
2.032,0.362,0
2.285,0.341,0
2.457,0.431,0
2.826,1.574,0
1.978,1.332,0
1.507,0.694,0
1.024,0.430,0
1.942,0.237,0
1.150,0.495,0
1.006,0.857,0
1.859,0.874,0
1.581,0.797,0
2.094,0.430,0
1.046,0.852,0
2.407,0.584,0
1.682,1.047,1
1.332,0.737,0
1.027,0.987,0
0.892,0.771,0
0.786,0.490,0
2.664,1.240,0
0.767,0.356,0
1.897,0.932,0
1.287,0.499,0
1.113,0.520,0
1.165,0.745,0
1.375,0.477,0
2.141,0.360,0
1.841,0.380,0
1.435,0.340,0
0.784,0.649,0
0.654,0.764,0
